scannedAt,fixtureId,home,away,startTime,tournamentId,bookmaker,outcome,price,changedAt,active
2026-09-08T15:21:05Z,id1000000774165868,AEK Athens,LASK Linz,2026-09-08T16:45:00.000Z,7,pinnacle,home,1.709,2026-09-08T15:18:53.225Z,True
2026-09-08T15:21:05Z,id1000000774165868,AEK Athens,LASK Linz,2026-09-08T16:45:00.000Z,7,pinnacle,draw,4.19,2026-09-08T15:18:53.225Z,True
2026-09-08T15:21:05Z,id1000000774165868,AEK Athens,LASK Linz,2026-09-08T16:45:00.000Z,7,pinnacle,away,4.78,2026-09-08T15:18:53.225Z,True
2026-09-08T15:21:05Z,id1000000774165870,Club Brugge,Aston Villa,2026-09-08T16:45:00.000Z,7,pinnacle,home,2.64,2026-09-08T15:14:40.561Z,True
2026-09-08T15:21:05Z,id1000000774165870,Club Brugge,Aston Villa,2026-09-08T16:45:00.000Z,7,pinnacle,draw,3.64,2026-09-08T15:14:40.561Z,True
2026-09-08T15:21:05Z,id1000000774165870,Club Brugge,Aston Villa,2026-09-08T16:45:00.000Z,7,pinnacle,away,2.67,2026-09-08T15:14:40.561Z,True
2026-09-08T15:21:05Z,id1000000774165872,Borussia Dortmund,Villarreal CF,2026-09-08T19:00:00.000Z,7,pinnacle,home,1.806,2026-09-08T15:17:29.728Z,True
2026-09-08T15:21:05Z,id1000000774165872,Borussia Dortmund,Villarreal CF,2026-09-08T19:00:00.000Z,7,pinnacle,draw,4.07,2026-09-08T15:17:29.728Z,True
2026-09-08T15:21:05Z,id1000000774165872,Borussia Dortmund,Villarreal CF,2026-09-08T19:00:00.000Z,7,pinnacle,away,4.26,2026-09-08T15:17:29.728Z,True
2026-09-08T15:21:05Z,id1000000774165874,FC Porto,Manchester City,2026-09-08T19:00:00.000Z,7,pinnacle,home,5.26,2026-09-08T15:19:47.065Z,True
2026-09-08T15:21:05Z,id1000000774165874,FC Porto,Manchester City,2026-09-08T19:00:00.000Z,7,pinnacle,draw,4.14,2026-09-08T15:19:47.065Z,True
2026-09-08T15:21:05Z,id1000000774165874,FC Porto,Manchester City,2026-09-08T19:00:00.000Z,7,pinnacle,away,1.657,2026-09-08T15:19:47.065Z,True
2026-09-08T15:21:05Z,id1000000774165876,Lille OSC,Real Betis Seville,2026-09-08T19:00:00.000Z,7,pinnacle,home,2.27,2026-09-08T15:17:54.196Z,True
2026-09-08T15:21:05Z,id1000000774165876,Lille OSC,Real Betis Seville,2026-09-08T19:00:00.000Z,7,pinnacle,draw,3.54,2026-09-08T15:17:54.196Z,True
2026-09-08T15:21:05Z,id1000000774165876,Lille OSC,Real Betis Seville,2026-09-08T19:00:00.000Z,7,pinnacle,away,3.27,2026-09-08T15:17:54.196Z,True
2026-09-08T15:21:05Z,id1000000774165878,Real Madrid,Inter Milano,2026-09-08T19:00:00.000Z,7,pinnacle,home,1.581,2026-09-08T15:09:50.943Z,True
2026-09-08T15:21:05Z,id1000000774165878,Real Madrid,Inter Milano,2026-09-08T19:00:00.000Z,7,pinnacle,draw,4.51,2026-09-08T15:09:50.943Z,True
2026-09-08T15:21:05Z,id1000000774165878,Real Madrid,Inter Milano,2026-09-08T19:00:00.000Z,7,pinnacle,away,5.55,2026-09-08T15:09:50.943Z,True
2026-09-08T15:21:05Z,id1000000774165880,FC Barcelona,Feyenoord Rotterdam,2026-09-09T16:45:00.000Z,7,pinnacle,home,1.07,2026-09-08T14:49:52.466Z,True
2026-09-08T15:21:05Z,id1000000774165880,FC Barcelona,Feyenoord Rotterdam,2026-09-09T16:45:00.000Z,7,pinnacle,draw,13.19,2026-09-08T14:49:52.466Z,True
2026-09-08T15:21:05Z,id1000000774165880,FC Barcelona,Feyenoord Rotterdam,2026-09-09T16:45:00.000Z,7,pinnacle,away,22.28,2026-09-08T14:49:52.466Z,True
2026-09-08T15:21:05Z,id1000000774165882,VfB Stuttgart,Viking FK,2026-09-09T16:45:00.000Z,7,pinnacle,home,1.245,2026-09-08T14:51:44.281Z,True
2026-09-08T15:21:05Z,id1000000774165882,VfB Stuttgart,Viking FK,2026-09-09T16:45:00.000Z,7,pinnacle,draw,7.02,2026-09-08T14:51:44.281Z,True
2026-09-08T15:21:05Z,id1000000774165882,VfB Stuttgart,Viking FK,2026-09-09T16:45:00.000Z,7,pinnacle,away,10.18,2026-09-08T14:51:44.281Z,True
2026-09-08T15:21:05Z,id1000000774165884,Liverpool FC,Atletico Madrid,2026-09-09T19:00:00.000Z,7,pinnacle,home,1.714,2026-09-08T14:35:08.781Z,True
2026-09-08T15:21:05Z,id1000000774165884,Liverpool FC,Atletico Madrid,2026-09-09T19:00:00.000Z,7,pinnacle,draw,4.2,2026-09-08T14:35:08.781Z,True
2026-09-08T15:21:05Z,id1000000774165884,Liverpool FC,Atletico Madrid,2026-09-09T19:00:00.000Z,7,pinnacle,away,4.65,2026-09-08T14:35:08.781Z,True
2026-09-08T15:21:05Z,id1000000774165886,Paris Saint-Germain,SK Slovan Bratislava,2026-09-09T19:00:00.000Z,7,pinnacle,home,1.033,2026-09-08T13:39:18.822Z,True
2026-09-08T15:21:05Z,id1000000774165886,Paris Saint-Germain,SK Slovan Bratislava,2026-09-09T19:00:00.000Z,7,pinnacle,draw,19.58,2026-09-08T13:39:18.822Z,True
2026-09-08T15:21:05Z,id1000000774165886,Paris Saint-Germain,SK Slovan Bratislava,2026-09-09T19:00:00.000Z,7,pinnacle,away,43.08,2026-09-08T13:39:18.822Z,True
2026-09-08T15:21:05Z,id1000000774165888,Sporting CP,Galatasaray Istanbul,2026-09-09T19:00:00.000Z,7,pinnacle,home,1.813,2026-09-08T14:20:36.694Z,True
2026-09-08T15:21:05Z,id1000000774165888,Sporting CP,Galatasaray Istanbul,2026-09-09T19:00:00.000Z,7,pinnacle,draw,4.0,2026-09-08T14:20:36.694Z,True
2026-09-08T15:21:05Z,id1000000774165888,Sporting CP,Galatasaray Istanbul,2026-09-09T19:00:00.000Z,7,pinnacle,away,4.27,2026-09-08T14:20:36.694Z,True
2026-09-08T15:21:05Z,id1000000774165890,SSC Napoli,Arsenal FC,2026-09-09T19:00:00.000Z,7,pinnacle,home,5.04,2026-09-08T13:19:04.152Z,True
2026-09-08T15:21:05Z,id1000000774165890,SSC Napoli,Arsenal FC,2026-09-09T19:00:00.000Z,7,pinnacle,draw,3.75,2026-09-08T13:19:04.152Z,True
2026-09-08T15:21:05Z,id1000000774165890,SSC Napoli,Arsenal FC,2026-09-09T19:00:00.000Z,7,pinnacle,away,1.751,2026-09-08T13:19:04.152Z,True
2026-09-08T15:21:05Z,id1000000774165892,Fenerbahce Istanbul,AS Roma,2026-09-10T16:45:00.000Z,7,pinnacle,home,3.39,2026-09-08T13:47:52.650Z,True
2026-09-08T15:21:05Z,id1000000774165892,Fenerbahce Istanbul,AS Roma,2026-09-10T16:45:00.000Z,7,pinnacle,draw,3.55,2026-09-08T13:47:52.650Z,True
2026-09-08T15:21:05Z,id1000000774165892,Fenerbahce Istanbul,AS Roma,2026-09-10T16:45:00.000Z,7,pinnacle,away,2.19,2026-09-08T13:47:52.650Z,True
2026-09-08T15:21:05Z,id1000000774165894,PSV Eindhoven,FC Shakhtar Donetsk,2026-09-10T16:45:00.000Z,7,pinnacle,home,1.432,2026-09-08T14:47:44.603Z,True
2026-09-08T15:21:05Z,id1000000774165894,PSV Eindhoven,FC Shakhtar Donetsk,2026-09-10T16:45:00.000Z,7,pinnacle,draw,5.28,2026-09-08T14:47:44.603Z,True
2026-09-08T15:21:05Z,id1000000774165894,PSV Eindhoven,FC Shakhtar Donetsk,2026-09-10T16:45:00.000Z,7,pinnacle,away,6.6,2026-09-08T14:47:44.603Z,True
2026-09-08T15:21:05Z,id1000000774165896,Como 1907,RB Leipzig,2026-09-10T19:00:00.000Z,7,pinnacle,home,1.869,2026-09-08T13:31:35.441Z,True
2026-09-08T15:21:05Z,id1000000774165896,Como 1907,RB Leipzig,2026-09-10T19:00:00.000Z,7,pinnacle,draw,4.04,2026-09-08T13:31:35.441Z,True
2026-09-08T15:21:05Z,id1000000774165896,Como 1907,RB Leipzig,2026-09-10T19:00:00.000Z,7,pinnacle,away,3.97,2026-09-08T13:31:35.441Z,True
2026-09-08T15:21:05Z,id1000000774165898,Bayern Munich,Bodoe/Glimt,2026-09-10T19:00:00.000Z,7,pinnacle,home,1.084,2026-09-08T14:53:33.356Z,True
2026-09-08T15:21:05Z,id1000000774165898,Bayern Munich,Bodoe/Glimt,2026-09-10T19:00:00.000Z,7,pinnacle,draw,13.04,2026-09-08T14:53:33.356Z,True
2026-09-08T15:21:05Z,id1000000774165898,Bayern Munich,Bodoe/Glimt,2026-09-10T19:00:00.000Z,7,pinnacle,away,17.0,2026-09-08T14:53:33.356Z,True
2026-09-08T15:21:05Z,id1000000774165900,Manchester United,Sabah Masazir,2026-09-10T19:00:00.000Z,7,pinnacle,home,1.134,2026-09-08T15:10:37.496Z,True
2026-09-08T15:21:05Z,id1000000774165900,Manchester United,Sabah Masazir,2026-09-10T19:00:00.000Z,7,pinnacle,draw,7.45,2026-09-08T15:10:37.496Z,True
2026-09-08T15:21:05Z,id1000000774165900,Manchester United,Sabah Masazir,2026-09-10T19:00:00.000Z,7,pinnacle,away,25.2,2026-09-08T15:10:37.496Z,True
2026-09-08T15:21:05Z,id1000000774165902,Slavia Prague,Racing Club De Lens,2026-09-10T19:00:00.000Z,7,pinnacle,home,2.54,2026-09-07T21:13:36.993Z,True
2026-09-08T15:21:05Z,id1000000774165902,Slavia Prague,Racing Club De Lens,2026-09-10T19:00:00.000Z,7,pinnacle,draw,3.55,2026-09-07T21:13:36.993Z,True
2026-09-08T15:21:05Z,id1000000774165902,Slavia Prague,Racing Club De Lens,2026-09-10T19:00:00.000Z,7,pinnacle,away,2.79,2026-09-07T21:13:36.993Z,True
2026-09-08T15:21:05Z,id1000001772221252,Aston Villa,Nottingham Forest,2026-09-12T14:00:00.000Z,17,pinnacle,home,2.27,2026-09-08T07:18:22.599Z,True
2026-09-08T15:21:05Z,id1000001772221252,Aston Villa,Nottingham Forest,2026-09-12T14:00:00.000Z,17,pinnacle,draw,3.52,2026-09-08T07:18:22.599Z,True
2026-09-08T15:21:05Z,id1000001772221252,Aston Villa,Nottingham Forest,2026-09-12T14:00:00.000Z,17,pinnacle,away,3.23,2026-09-08T07:18:22.599Z,True
2026-09-08T15:21:05Z,id1000001772221254,AFC Bournemouth,Brentford FC,2026-09-12T14:00:00.000Z,17,pinnacle,home,2.51,2026-09-08T10:02:06.390Z,True
2026-09-08T15:21:05Z,id1000001772221254,AFC Bournemouth,Brentford FC,2026-09-12T14:00:00.000Z,17,pinnacle,draw,3.74,2026-09-08T10:02:06.390Z,True
2026-09-08T15:21:05Z,id1000001772221254,AFC Bournemouth,Brentford FC,2026-09-12T14:00:00.000Z,17,pinnacle,away,2.72,2026-09-08T10:02:06.390Z,True
2026-09-08T15:21:05Z,id1000001772221256,Chelsea FC,Hull City,2026-09-12T14:00:00.000Z,17,pinnacle,home,1.23,2026-09-08T07:18:39.160Z,True
2026-09-08T15:21:05Z,id1000001772221256,Chelsea FC,Hull City,2026-09-12T14:00:00.000Z,17,pinnacle,draw,6.21,2026-09-08T07:18:39.160Z,True
2026-09-08T15:21:05Z,id1000001772221256,Chelsea FC,Hull City,2026-09-12T14:00:00.000Z,17,pinnacle,away,14.42,2026-09-08T07:18:39.160Z,True
2026-09-08T15:21:05Z,id1000001772221260,Crystal Palace,Ipswich Town,2026-09-12T14:00:00.000Z,17,pinnacle,home,1.9,2026-09-08T08:01:59.268Z,True
2026-09-08T15:21:05Z,id1000001772221260,Crystal Palace,Ipswich Town,2026-09-12T14:00:00.000Z,17,pinnacle,draw,3.92,2026-09-08T08:01:59.268Z,True
2026-09-08T15:21:05Z,id1000001772221260,Crystal Palace,Ipswich Town,2026-09-12T14:00:00.000Z,17,pinnacle,away,3.94,2026-09-08T08:01:59.268Z,True
2026-09-08T15:21:05Z,id1000001772221264,Liverpool FC,Fulham FC,2026-09-12T14:00:00.000Z,17,pinnacle,home,1.462,2026-09-08T11:30:34.432Z,True
2026-09-08T15:21:05Z,id1000001772221264,Liverpool FC,Fulham FC,2026-09-12T14:00:00.000Z,17,pinnacle,draw,4.94,2026-09-08T11:30:34.432Z,True
2026-09-08T15:21:05Z,id1000001772221264,Liverpool FC,Fulham FC,2026-09-12T14:00:00.000Z,17,pinnacle,away,6.58,2026-09-08T11:30:34.432Z,True
2026-09-08T15:21:05Z,id1000001772221270,Tottenham Hotspur,Everton FC,2026-09-12T16:30:00.000Z,17,pinnacle,home,2.07,2026-09-08T11:09:49.421Z,True
2026-09-08T15:21:05Z,id1000001772221270,Tottenham Hotspur,Everton FC,2026-09-12T16:30:00.000Z,17,pinnacle,draw,3.67,2026-09-08T11:09:49.421Z,True
2026-09-08T15:21:05Z,id1000001772221270,Tottenham Hotspur,Everton FC,2026-09-12T16:30:00.000Z,17,pinnacle,away,3.58,2026-09-08T11:09:49.421Z,True
2026-09-08T15:21:05Z,id1000001772221268,Sunderland AFC,Arsenal FC,2026-09-12T19:00:00.000Z,17,pinnacle,home,7.18,2026-09-08T12:07:37.620Z,True
2026-09-08T15:21:05Z,id1000001772221268,Sunderland AFC,Arsenal FC,2026-09-12T19:00:00.000Z,17,pinnacle,draw,4.36,2026-09-08T12:07:37.620Z,True
2026-09-08T15:21:05Z,id1000001772221268,Sunderland AFC,Arsenal FC,2026-09-12T19:00:00.000Z,17,pinnacle,away,1.495,2026-09-08T12:07:37.620Z,True
2026-09-08T15:21:05Z,id1000001772221258,Coventry City,Brighton & Hove Albion,2026-09-13T13:00:00.000Z,17,pinnacle,home,4.09,2026-09-08T11:41:24.998Z,True
2026-09-08T15:21:05Z,id1000001772221258,Coventry City,Brighton & Hove Albion,2026-09-13T13:00:00.000Z,17,pinnacle,draw,3.79,2026-09-08T11:41:24.998Z,True
2026-09-08T15:21:05Z,id1000001772221258,Coventry City,Brighton & Hove Albion,2026-09-13T13:00:00.000Z,17,pinnacle,away,1.892,2026-09-08T11:41:24.998Z,True
2026-09-08T15:21:05Z,id1000001772221266,Manchester United,Manchester City,2026-09-13T15:30:00.000Z,17,pinnacle,home,3.15,2026-09-08T11:11:37.777Z,True
2026-09-08T15:21:05Z,id1000001772221266,Manchester United,Manchester City,2026-09-13T15:30:00.000Z,17,pinnacle,draw,3.86,2026-09-08T11:11:37.777Z,True
2026-09-08T15:21:05Z,id1000001772221266,Manchester United,Manchester City,2026-09-13T15:30:00.000Z,17,pinnacle,away,2.19,2026-09-08T11:11:37.777Z,True
2026-09-08T15:21:05Z,id1000001772221262,Leeds United,Newcastle United,2026-09-14T19:00:00.000Z,17,pinnacle,home,2.42,2026-09-08T11:11:46.580Z,True
2026-09-08T15:21:05Z,id1000001772221262,Leeds United,Newcastle United,2026-09-14T19:00:00.000Z,17,pinnacle,draw,3.52,2026-09-08T11:11:46.580Z,True
2026-09-08T15:21:05Z,id1000001772221262,Leeds United,Newcastle United,2026-09-14T19:00:00.000Z,17,pinnacle,away,2.93,2026-09-08T11:11:46.580Z,True
2026-09-08T15:21:05Z,id1000001772221274,Brentford FC,Chelsea FC,2026-09-18T19:00:00.000Z,17,pinnacle,home,2.72,2026-09-08T08:44:43.819Z,True
2026-09-08T15:21:05Z,id1000001772221274,Brentford FC,Chelsea FC,2026-09-18T19:00:00.000Z,17,pinnacle,draw,3.72,2026-09-08T08:44:43.819Z,True
2026-09-08T15:21:05Z,id1000001772221274,Brentford FC,Chelsea FC,2026-09-18T19:00:00.000Z,17,pinnacle,away,2.42,2026-09-08T08:44:43.819Z,True
2026-09-08T15:21:05Z,id1000001772221290,Tottenham Hotspur,Aston Villa,2026-09-19T11:30:00.000Z,17,pinnacle,home,1.98,2026-09-07T00:46:58.421Z,True
2026-09-08T15:21:05Z,id1000001772221290,Tottenham Hotspur,Aston Villa,2026-09-19T11:30:00.000Z,17,pinnacle,draw,3.69,2026-09-07T00:46:58.421Z,True
2026-09-08T15:21:05Z,id1000001772221290,Tottenham Hotspur,Aston Villa,2026-09-19T11:30:00.000Z,17,pinnacle,away,3.62,2026-09-07T00:46:58.421Z,True
2026-09-08T15:21:05Z,id1000001772221276,Brighton & Hove Albion,Arsenal FC,2026-09-19T14:00:00.000Z,17,pinnacle,home,4.19,2026-09-07T13:03:49.551Z,True
2026-09-08T15:21:05Z,id1000001772221276,Brighton & Hove Albion,Arsenal FC,2026-09-19T14:00:00.000Z,17,pinnacle,draw,3.88,2026-09-07T13:03:49.551Z,True
2026-09-08T15:21:05Z,id1000001772221276,Brighton & Hove Albion,Arsenal FC,2026-09-19T14:00:00.000Z,17,pinnacle,away,1.793,2026-09-07T13:03:49.551Z,True
2026-09-08T15:21:05Z,id1000001772221278,Everton FC,Ipswich Town,2026-09-19T14:00:00.000Z,17,pinnacle,home,1.826,2026-09-07T18:19:31.580Z,True
2026-09-08T15:21:05Z,id1000001772221278,Everton FC,Ipswich Town,2026-09-19T14:00:00.000Z,17,pinnacle,draw,3.7,2026-09-07T18:19:31.580Z,True
2026-09-08T15:21:05Z,id1000001772221278,Everton FC,Ipswich Town,2026-09-19T14:00:00.000Z,17,pinnacle,away,4.25,2026-09-07T18:19:31.580Z,True
2026-09-08T15:21:05Z,id1000001772221286,Newcastle United,Hull City,2026-09-19T14:00:00.000Z,17,pinnacle,home,1.487,2026-09-07T07:41:56.931Z,True
2026-09-08T15:21:05Z,id1000001772221286,Newcastle United,Hull City,2026-09-19T14:00:00.000Z,17,pinnacle,draw,4.56,2026-09-07T07:41:56.931Z,True
2026-09-08T15:21:05Z,id1000001772221286,Newcastle United,Hull City,2026-09-19T14:00:00.000Z,17,pinnacle,away,6.07,2026-09-07T07:41:56.931Z,True
2026-09-08T15:21:05Z,id1000001772221288,Nottingham Forest,Coventry City,2026-09-19T16:30:00.000Z,17,pinnacle,home,1.787,2026-09-06T20:19:11.097Z,True
2026-09-08T15:21:05Z,id1000001772221288,Nottingham Forest,Coventry City,2026-09-19T16:30:00.000Z,17,pinnacle,draw,3.8,2026-09-06T20:19:11.097Z,True
2026-09-08T15:21:05Z,id1000001772221288,Nottingham Forest,Coventry City,2026-09-19T16:30:00.000Z,17,pinnacle,away,4.34,2026-09-06T20:19:11.097Z,True
2026-09-08T15:21:05Z,id1000001772221272,AFC Bournemouth,Liverpool FC,2026-09-20T13:00:00.000Z,17,pinnacle,home,3.21,2026-09-08T08:49:37.908Z,True
2026-09-08T15:21:05Z,id1000001772221272,AFC Bournemouth,Liverpool FC,2026-09-20T13:00:00.000Z,17,pinnacle,draw,3.89,2026-09-08T08:49:37.908Z,True
2026-09-08T15:21:05Z,id1000001772221272,AFC Bournemouth,Liverpool FC,2026-09-20T13:00:00.000Z,17,pinnacle,away,2.08,2026-09-08T08:49:37.908Z,True
2026-09-08T15:21:05Z,id1000001772221282,Leeds United,Crystal Palace,2026-09-20T13:00:00.000Z,17,pinnacle,home,2.09,2026-09-08T11:50:33.106Z,True
2026-09-08T15:21:05Z,id1000001772221282,Leeds United,Crystal Palace,2026-09-20T13:00:00.000Z,17,pinnacle,draw,3.57,2026-09-08T11:50:33.106Z,True
2026-09-08T15:21:05Z,id1000001772221282,Leeds United,Crystal Palace,2026-09-20T13:00:00.000Z,17,pinnacle,away,3.42,2026-09-08T11:50:33.106Z,True
2026-09-08T15:21:05Z,id1000001772221284,Manchester City,Sunderland AFC,2026-09-20T13:00:00.000Z,17,pinnacle,home,1.261,2026-09-07T16:53:39.635Z,True
2026-09-08T15:21:05Z,id1000001772221284,Manchester City,Sunderland AFC,2026-09-20T13:00:00.000Z,17,pinnacle,draw,5.94,2026-09-07T16:53:39.635Z,True
2026-09-08T15:21:05Z,id1000001772221284,Manchester City,Sunderland AFC,2026-09-20T13:00:00.000Z,17,pinnacle,away,9.81,2026-09-07T16:53:39.635Z,True
2026-09-08T15:21:05Z,id1000001772221280,Fulham FC,Manchester United,2026-09-20T15:30:00.000Z,17,pinnacle,home,3.46,2026-09-07T05:43:53.263Z,True
2026-09-08T15:21:05Z,id1000001772221280,Fulham FC,Manchester United,2026-09-20T15:30:00.000Z,17,pinnacle,draw,3.77,2026-09-07T05:43:53.263Z,True
2026-09-08T15:21:05Z,id1000001772221280,Fulham FC,Manchester United,2026-09-20T15:30:00.000Z,17,pinnacle,away,2.01,2026-09-07T05:43:53.263Z,True
2026-09-08T15:50:20Z,id1000000774165868,AEK Athens,LASK Linz,2026-09-08T16:45:00.000Z,7,pinnacle,home,1.694,2026-09-08T15:47:29.903Z,True
2026-09-08T15:50:20Z,id1000000774165868,AEK Athens,LASK Linz,2026-09-08T16:45:00.000Z,7,pinnacle,draw,4.21,2026-09-08T15:47:29.903Z,True
2026-09-08T15:50:20Z,id1000000774165868,AEK Athens,LASK Linz,2026-09-08T16:45:00.000Z,7,pinnacle,away,4.85,2026-09-08T15:47:29.903Z,True
2026-09-08T15:50:20Z,id1000000774165870,Club Brugge,Aston Villa,2026-09-08T16:45:00.000Z,7,pinnacle,home,2.61,2026-09-08T15:49:23.600Z,True
2026-09-08T15:50:20Z,id1000000774165870,Club Brugge,Aston Villa,2026-09-08T16:45:00.000Z,7,pinnacle,draw,3.63,2026-09-08T15:49:23.600Z,True
2026-09-08T15:50:20Z,id1000000774165870,Club Brugge,Aston Villa,2026-09-08T16:45:00.000Z,7,pinnacle,away,2.71,2026-09-08T15:49:23.600Z,True
2026-09-08T15:50:20Z,id1000001872339792,Blackburn Rovers,Sheffield United,2026-09-08T18:45:00.000Z,18,pinnacle,home,3.06,2026-09-08T15:41:23.091Z,True
2026-09-08T15:50:20Z,id1000001872339792,Blackburn Rovers,Sheffield United,2026-09-08T18:45:00.000Z,18,pinnacle,draw,3.49,2026-09-08T15:41:23.091Z,True
2026-09-08T15:50:20Z,id1000001872339792,Blackburn Rovers,Sheffield United,2026-09-08T18:45:00.000Z,18,pinnacle,away,2.38,2026-09-08T15:41:23.091Z,True
2026-09-08T15:50:20Z,id1000001872339798,Cardiff City,Stoke City,2026-09-08T18:45:00.000Z,18,pinnacle,home,2.11,2026-09-08T15:27:44.443Z,True
2026-09-08T15:50:20Z,id1000001872339798,Cardiff City,Stoke City,2026-09-08T18:45:00.000Z,18,pinnacle,draw,3.68,2026-09-08T15:27:44.443Z,True
2026-09-08T15:50:20Z,id1000001872339798,Cardiff City,Stoke City,2026-09-08T18:45:00.000Z,18,pinnacle,away,3.46,2026-09-08T15:27:44.443Z,True
2026-09-08T15:50:20Z,id1000001872339802,Southampton FC,Swansea City,2026-09-08T18:45:00.000Z,18,pinnacle,home,1.84,2026-09-08T15:42:15.663Z,True
2026-09-08T15:50:20Z,id1000001872339802,Southampton FC,Swansea City,2026-09-08T18:45:00.000Z,18,pinnacle,draw,3.88,2026-09-08T15:42:15.663Z,True
2026-09-08T15:50:20Z,id1000001872339802,Southampton FC,Swansea City,2026-09-08T18:45:00.000Z,18,pinnacle,away,4.26,2026-09-08T15:42:15.663Z,True
2026-09-08T15:50:20Z,id1000001872339804,Watford FC,Preston North End,2026-09-08T18:45:00.000Z,18,pinnacle,home,2.14,2026-09-08T15:06:10.193Z,True
2026-09-08T15:50:20Z,id1000001872339804,Watford FC,Preston North End,2026-09-08T18:45:00.000Z,18,pinnacle,draw,3.5,2026-09-08T15:06:10.193Z,True
2026-09-08T15:50:20Z,id1000001872339804,Watford FC,Preston North End,2026-09-08T18:45:00.000Z,18,pinnacle,away,3.56,2026-09-08T15:06:10.193Z,True
2026-09-08T15:50:20Z,id1000001872339814,Wrexham AFC,Burnley FC,2026-09-08T18:45:00.000Z,18,pinnacle,home,2.06,2026-09-08T14:45:01.994Z,True
2026-09-08T15:50:20Z,id1000001872339814,Wrexham AFC,Burnley FC,2026-09-08T18:45:00.000Z,18,pinnacle,draw,3.62,2026-09-08T14:45:01.994Z,True
2026-09-08T15:50:20Z,id1000001872339814,Wrexham AFC,Burnley FC,2026-09-08T18:45:00.000Z,18,pinnacle,away,3.66,2026-09-08T14:45:01.994Z,True
2026-09-08T15:50:20Z,id1000000774165872,Borussia Dortmund,Villarreal CF,2026-09-08T19:00:00.000Z,7,pinnacle,home,1.806,2026-09-08T15:42:55.356Z,True
2026-09-08T15:50:20Z,id1000000774165872,Borussia Dortmund,Villarreal CF,2026-09-08T19:00:00.000Z,7,pinnacle,draw,4.1,2026-09-08T15:42:55.356Z,True
2026-09-08T15:50:20Z,id1000000774165872,Borussia Dortmund,Villarreal CF,2026-09-08T19:00:00.000Z,7,pinnacle,away,4.26,2026-09-08T15:42:55.356Z,True
2026-09-08T15:50:20Z,id1000000774165874,FC Porto,Manchester City,2026-09-08T19:00:00.000Z,7,pinnacle,home,5.22,2026-09-08T15:33:16.556Z,True
2026-09-08T15:50:20Z,id1000000774165874,FC Porto,Manchester City,2026-09-08T19:00:00.000Z,7,pinnacle,draw,4.11,2026-09-08T15:33:16.556Z,True
2026-09-08T15:50:20Z,id1000000774165874,FC Porto,Manchester City,2026-09-08T19:00:00.000Z,7,pinnacle,away,1.671,2026-09-08T15:33:16.556Z,True
2026-09-08T15:50:20Z,id1000000774165876,Lille OSC,Real Betis Seville,2026-09-08T19:00:00.000Z,7,pinnacle,home,2.27,2026-09-08T15:48:45.519Z,True
2026-09-08T15:50:20Z,id1000000774165876,Lille OSC,Real Betis Seville,2026-09-08T19:00:00.000Z,7,pinnacle,draw,3.54,2026-09-08T15:48:45.519Z,True
2026-09-08T15:50:20Z,id1000000774165876,Lille OSC,Real Betis Seville,2026-09-08T19:00:00.000Z,7,pinnacle,away,3.27,2026-09-08T15:48:45.519Z,True
2026-09-08T15:50:20Z,id1000000774165878,Real Madrid,Inter Milano,2026-09-08T19:00:00.000Z,7,pinnacle,home,1.581,2026-09-08T15:37:50.848Z,True
2026-09-08T15:50:20Z,id1000000774165878,Real Madrid,Inter Milano,2026-09-08T19:00:00.000Z,7,pinnacle,draw,4.53,2026-09-08T15:37:50.848Z,True
2026-09-08T15:50:20Z,id1000000774165878,Real Madrid,Inter Milano,2026-09-08T19:00:00.000Z,7,pinnacle,away,5.53,2026-09-08T15:37:50.848Z,True
2026-09-08T15:50:20Z,id1000001872339794,Bolton Wanderers,West Ham United,2026-09-08T19:00:00.000Z,18,pinnacle,home,5.14,2026-09-08T15:29:51.950Z,True
2026-09-08T15:50:20Z,id1000001872339794,Bolton Wanderers,West Ham United,2026-09-08T19:00:00.000Z,18,pinnacle,draw,4.34,2026-09-08T15:29:51.950Z,True
2026-09-08T15:50:20Z,id1000001872339794,Bolton Wanderers,West Ham United,2026-09-08T19:00:00.000Z,18,pinnacle,away,1.632,2026-09-08T15:29:51.950Z,True
2026-09-08T15:50:20Z,id1000000774165880,FC Barcelona,Feyenoord Rotterdam,2026-09-09T16:45:00.000Z,7,pinnacle,home,1.069,2026-09-08T15:35:56.197Z,True
2026-09-08T15:50:20Z,id1000000774165880,FC Barcelona,Feyenoord Rotterdam,2026-09-09T16:45:00.000Z,7,pinnacle,draw,13.37,2026-09-08T15:35:56.197Z,True
2026-09-08T15:50:20Z,id1000000774165880,FC Barcelona,Feyenoord Rotterdam,2026-09-09T16:45:00.000Z,7,pinnacle,away,22.72,2026-09-08T15:35:56.197Z,True
2026-09-08T15:50:20Z,id1000000774165882,VfB Stuttgart,Viking FK,2026-09-09T16:45:00.000Z,7,pinnacle,home,1.245,2026-09-08T14:51:44.281Z,True
2026-09-08T15:50:20Z,id1000000774165882,VfB Stuttgart,Viking FK,2026-09-09T16:45:00.000Z,7,pinnacle,draw,7.02,2026-09-08T14:51:44.281Z,True
2026-09-08T15:50:20Z,id1000000774165882,VfB Stuttgart,Viking FK,2026-09-09T16:45:00.000Z,7,pinnacle,away,10.18,2026-09-08T14:51:44.281Z,True
2026-09-08T15:50:20Z,id1000001872339810,Derby County,West Bromwich Albion,2026-09-09T18:45:00.000Z,18,pinnacle,home,3.0,2026-09-08T06:47:26.881Z,True
2026-09-08T15:50:20Z,id1000001872339810,Derby County,West Bromwich Albion,2026-09-09T18:45:00.000Z,18,pinnacle,draw,3.44,2026-09-08T06:47:26.881Z,True
2026-09-08T15:50:20Z,id1000001872339810,Derby County,West Bromwich Albion,2026-09-09T18:45:00.000Z,18,pinnacle,away,2.35,2026-09-08T06:47:26.881Z,True
2026-09-08T15:50:20Z,id1000001872339812,Norwich City,Birmingham City,2026-09-09T18:45:00.000Z,18,pinnacle,home,1.9,2026-09-08T14:34:14.565Z,True
2026-09-08T15:50:20Z,id1000001872339812,Norwich City,Birmingham City,2026-09-09T18:45:00.000Z,18,pinnacle,draw,3.8,2026-09-08T14:34:14.565Z,True
2026-09-08T15:50:20Z,id1000001872339812,Norwich City,Birmingham City,2026-09-09T18:45:00.000Z,18,pinnacle,away,3.79,2026-09-08T14:34:14.565Z,True
2026-09-08T15:50:20Z,id1000000774165884,Liverpool FC,Atletico Madrid,2026-09-09T19:00:00.000Z,7,pinnacle,home,1.714,2026-09-08T15:47:27.488Z,True
2026-09-08T15:50:20Z,id1000000774165884,Liverpool FC,Atletico Madrid,2026-09-09T19:00:00.000Z,7,pinnacle,draw,4.2,2026-09-08T15:47:27.488Z,True
2026-09-08T15:50:20Z,id1000000774165884,Liverpool FC,Atletico Madrid,2026-09-09T19:00:00.000Z,7,pinnacle,away,4.65,2026-09-08T15:47:27.488Z,True
2026-09-08T15:50:20Z,id1000000774165886,Paris Saint-Germain,SK Slovan Bratislava,2026-09-09T19:00:00.000Z,7,pinnacle,home,1.033,2026-09-08T15:39:28.784Z,True
2026-09-08T15:50:20Z,id1000000774165886,Paris Saint-Germain,SK Slovan Bratislava,2026-09-09T19:00:00.000Z,7,pinnacle,draw,19.47,2026-09-08T15:39:28.784Z,True
2026-09-08T15:50:20Z,id1000000774165886,Paris Saint-Germain,SK Slovan Bratislava,2026-09-09T19:00:00.000Z,7,pinnacle,away,43.12,2026-09-08T15:39:28.784Z,True
2026-09-08T15:50:20Z,id1000000774165888,Sporting CP,Galatasaray Istanbul,2026-09-09T19:00:00.000Z,7,pinnacle,home,1.813,2026-09-08T15:47:27.179Z,True
2026-09-08T15:50:20Z,id1000000774165888,Sporting CP,Galatasaray Istanbul,2026-09-09T19:00:00.000Z,7,pinnacle,draw,4.0,2026-09-08T15:47:27.179Z,True
2026-09-08T15:50:20Z,id1000000774165888,Sporting CP,Galatasaray Istanbul,2026-09-09T19:00:00.000Z,7,pinnacle,away,4.26,2026-09-08T15:47:27.179Z,True
2026-09-08T15:50:20Z,id1000000774165890,SSC Napoli,Arsenal FC,2026-09-09T19:00:00.000Z,7,pinnacle,home,5.04,2026-09-08T13:19:04.152Z,True
2026-09-08T15:50:20Z,id1000000774165890,SSC Napoli,Arsenal FC,2026-09-09T19:00:00.000Z,7,pinnacle,draw,3.75,2026-09-08T13:19:04.152Z,True
2026-09-08T15:50:20Z,id1000000774165890,SSC Napoli,Arsenal FC,2026-09-09T19:00:00.000Z,7,pinnacle,away,1.751,2026-09-08T13:19:04.152Z,True
2026-09-08T15:50:20Z,id1000001872339808,Charlton Athletic,Queens Park Rangers,2026-09-09T19:00:00.000Z,18,pinnacle,home,3.24,2026-09-08T07:01:02.630Z,True
2026-09-08T15:50:20Z,id1000001872339808,Charlton Athletic,Queens Park Rangers,2026-09-09T19:00:00.000Z,18,pinnacle,draw,3.37,2026-09-08T07:01:02.630Z,True
2026-09-08T15:50:20Z,id1000001872339808,Charlton Athletic,Queens Park Rangers,2026-09-09T19:00:00.000Z,18,pinnacle,away,2.25,2026-09-08T07:01:02.630Z,True
2026-09-08T15:50:20Z,id1000000774165892,Fenerbahce Istanbul,AS Roma,2026-09-10T16:45:00.000Z,7,pinnacle,home,3.39,2026-09-08T13:47:52.650Z,True
2026-09-08T15:50:20Z,id1000000774165892,Fenerbahce Istanbul,AS Roma,2026-09-10T16:45:00.000Z,7,pinnacle,draw,3.55,2026-09-08T13:47:52.650Z,True
2026-09-08T15:50:20Z,id1000000774165892,Fenerbahce Istanbul,AS Roma,2026-09-10T16:45:00.000Z,7,pinnacle,away,2.19,2026-09-08T13:47:52.650Z,True
2026-09-08T15:50:20Z,id1000000774165894,PSV Eindhoven,FC Shakhtar Donetsk,2026-09-10T16:45:00.000Z,7,pinnacle,home,1.432,2026-09-08T14:47:44.603Z,True
2026-09-08T15:50:20Z,id1000000774165894,PSV Eindhoven,FC Shakhtar Donetsk,2026-09-10T16:45:00.000Z,7,pinnacle,draw,5.28,2026-09-08T14:47:44.603Z,True
2026-09-08T15:50:20Z,id1000000774165894,PSV Eindhoven,FC Shakhtar Donetsk,2026-09-10T16:45:00.000Z,7,pinnacle,away,6.6,2026-09-08T14:47:44.603Z,True
2026-09-08T15:50:20Z,id1000000774165896,Como 1907,RB Leipzig,2026-09-10T19:00:00.000Z,7,pinnacle,home,1.869,2026-09-08T13:31:35.441Z,True
2026-09-08T15:50:20Z,id1000000774165896,Como 1907,RB Leipzig,2026-09-10T19:00:00.000Z,7,pinnacle,draw,4.04,2026-09-08T13:31:35.441Z,True
2026-09-08T15:50:20Z,id1000000774165896,Como 1907,RB Leipzig,2026-09-10T19:00:00.000Z,7,pinnacle,away,3.97,2026-09-08T13:31:35.441Z,True
2026-09-08T15:50:20Z,id1000000774165898,Bayern Munich,Bodoe/Glimt,2026-09-10T19:00:00.000Z,7,pinnacle,home,1.084,2026-09-08T14:53:33.356Z,True
2026-09-08T15:50:20Z,id1000000774165898,Bayern Munich,Bodoe/Glimt,2026-09-10T19:00:00.000Z,7,pinnacle,draw,13.04,2026-09-08T14:53:33.356Z,True
2026-09-08T15:50:20Z,id1000000774165898,Bayern Munich,Bodoe/Glimt,2026-09-10T19:00:00.000Z,7,pinnacle,away,17.0,2026-09-08T14:53:33.356Z,True
2026-09-08T15:50:20Z,id1000000774165900,Manchester United,Sabah Masazir,2026-09-10T19:00:00.000Z,7,pinnacle,home,1.133,2026-09-08T15:46:26.581Z,True
2026-09-08T15:50:20Z,id1000000774165900,Manchester United,Sabah Masazir,2026-09-10T19:00:00.000Z,7,pinnacle,draw,7.47,2026-09-08T15:46:26.581Z,True
2026-09-08T15:50:20Z,id1000000774165900,Manchester United,Sabah Masazir,2026-09-10T19:00:00.000Z,7,pinnacle,away,25.3,2026-09-08T15:46:26.581Z,True
2026-09-08T15:50:20Z,id1000000774165902,Slavia Prague,Racing Club De Lens,2026-09-10T19:00:00.000Z,7,pinnacle,home,2.54,2026-09-07T21:13:36.993Z,True
2026-09-08T15:50:20Z,id1000000774165902,Slavia Prague,Racing Club De Lens,2026-09-10T19:00:00.000Z,7,pinnacle,draw,3.55,2026-09-07T21:13:36.993Z,True
2026-09-08T15:50:20Z,id1000000774165902,Slavia Prague,Racing Club De Lens,2026-09-10T19:00:00.000Z,7,pinnacle,away,2.79,2026-09-07T21:13:36.993Z,True
2026-09-08T15:50:20Z,id1000000872478562,Sevilla FC,Valencia CF,2026-09-11T19:00:00.000Z,8,pinnacle,home,2.2,2026-09-08T13:23:39.279Z,True
2026-09-08T15:50:20Z,id1000000872478562,Sevilla FC,Valencia CF,2026-09-11T19:00:00.000Z,8,pinnacle,draw,3.23,2026-09-08T13:23:39.279Z,True
2026-09-08T15:50:20Z,id1000000872478562,Sevilla FC,Valencia CF,2026-09-11T19:00:00.000Z,8,pinnacle,away,3.7,2026-09-08T13:23:39.279Z,True
2026-09-08T15:50:20Z,id1000032566887012,Coritiba FC PR,CA Paranaense PR,2026-09-12T00:00:00.000Z,325,pinnacle,home,2.91,2026-09-08T03:39:49.995Z,True
2026-09-08T15:50:20Z,id1000032566887012,Coritiba FC PR,CA Paranaense PR,2026-09-12T00:00:00.000Z,325,pinnacle,draw,3.12,2026-09-08T03:39:49.995Z,True
2026-09-08T15:50:20Z,id1000032566887012,Coritiba FC PR,CA Paranaense PR,2026-09-12T00:00:00.000Z,325,pinnacle,away,2.63,2026-09-08T03:39:49.995Z,True
2026-09-08T15:50:20Z,id1000001772221252,Aston Villa,Nottingham Forest,2026-09-12T14:00:00.000Z,17,pinnacle,home,2.27,2026-09-08T07:18:22.599Z,True
2026-09-08T15:50:20Z,id1000001772221252,Aston Villa,Nottingham Forest,2026-09-12T14:00:00.000Z,17,pinnacle,draw,3.52,2026-09-08T07:18:22.599Z,True
2026-09-08T15:50:20Z,id1000001772221252,Aston Villa,Nottingham Forest,2026-09-12T14:00:00.000Z,17,pinnacle,away,3.23,2026-09-08T07:18:22.599Z,True
2026-09-08T15:50:20Z,id1000001772221254,AFC Bournemouth,Brentford FC,2026-09-12T14:00:00.000Z,17,pinnacle,home,2.51,2026-09-08T10:02:06.390Z,True
2026-09-08T15:50:20Z,id1000001772221254,AFC Bournemouth,Brentford FC,2026-09-12T14:00:00.000Z,17,pinnacle,draw,3.74,2026-09-08T10:02:06.390Z,True
2026-09-08T15:50:20Z,id1000001772221254,AFC Bournemouth,Brentford FC,2026-09-12T14:00:00.000Z,17,pinnacle,away,2.72,2026-09-08T10:02:06.390Z,True
2026-09-08T15:50:20Z,id1000001772221256,Chelsea FC,Hull City,2026-09-12T14:00:00.000Z,17,pinnacle,home,1.23,2026-09-08T07:18:39.160Z,True
2026-09-08T15:50:20Z,id1000001772221256,Chelsea FC,Hull City,2026-09-12T14:00:00.000Z,17,pinnacle,draw,6.21,2026-09-08T07:18:39.160Z,True
2026-09-08T15:50:20Z,id1000001772221256,Chelsea FC,Hull City,2026-09-12T14:00:00.000Z,17,pinnacle,away,14.42,2026-09-08T07:18:39.160Z,True
2026-09-08T15:50:20Z,id1000001772221260,Crystal Palace,Ipswich Town,2026-09-12T14:00:00.000Z,17,pinnacle,home,1.9,2026-09-08T08:01:59.268Z,True
2026-09-08T15:50:20Z,id1000001772221260,Crystal Palace,Ipswich Town,2026-09-12T14:00:00.000Z,17,pinnacle,draw,3.92,2026-09-08T08:01:59.268Z,True
2026-09-08T15:50:20Z,id1000001772221260,Crystal Palace,Ipswich Town,2026-09-12T14:00:00.000Z,17,pinnacle,away,3.94,2026-09-08T08:01:59.268Z,True
2026-09-08T15:50:20Z,id1000001772221264,Liverpool FC,Fulham FC,2026-09-12T14:00:00.000Z,17,pinnacle,home,1.462,2026-09-08T11:30:34.432Z,True
2026-09-08T15:50:20Z,id1000001772221264,Liverpool FC,Fulham FC,2026-09-12T14:00:00.000Z,17,pinnacle,draw,4.94,2026-09-08T11:30:34.432Z,True
2026-09-08T15:50:20Z,id1000001772221264,Liverpool FC,Fulham FC,2026-09-12T14:00:00.000Z,17,pinnacle,away,6.58,2026-09-08T11:30:34.432Z,True
2026-09-08T15:50:20Z,id1000000872478554,CA Osasuna,Espanyol Barcelona,2026-09-12T14:15:00.000Z,8,pinnacle,home,2.15,2026-09-08T14:12:55.312Z,True
2026-09-08T15:50:20Z,id1000000872478554,CA Osasuna,Espanyol Barcelona,2026-09-12T14:15:00.000Z,8,pinnacle,draw,3.35,2026-09-08T14:12:55.312Z,True
2026-09-08T15:50:20Z,id1000000872478554,CA Osasuna,Espanyol Barcelona,2026-09-12T14:15:00.000Z,8,pinnacle,away,3.7,2026-09-08T14:12:55.312Z,True
2026-09-08T15:50:20Z,id1000000872478546,Athletic Bilbao,Elche CF,2026-09-12T16:30:00.000Z,8,pinnacle,home,1.423,2026-09-08T15:35:24.141Z,True
2026-09-08T15:50:20Z,id1000000872478546,Athletic Bilbao,Elche CF,2026-09-12T16:30:00.000Z,8,pinnacle,draw,5.1,2026-09-08T15:35:24.141Z,True
2026-09-08T15:50:20Z,id1000000872478546,Athletic Bilbao,Elche CF,2026-09-12T16:30:00.000Z,8,pinnacle,away,7.14,2026-09-08T15:35:24.141Z,True
2026-09-08T15:50:20Z,id1000001772221270,Tottenham Hotspur,Everton FC,2026-09-12T16:30:00.000Z,17,pinnacle,home,2.07,2026-09-08T11:09:49.421Z,True
2026-09-08T15:50:20Z,id1000001772221270,Tottenham Hotspur,Everton FC,2026-09-12T16:30:00.000Z,17,pinnacle,draw,3.67,2026-09-08T11:09:49.421Z,True
2026-09-08T15:50:20Z,id1000001772221270,Tottenham Hotspur,Everton FC,2026-09-12T16:30:00.000Z,17,pinnacle,away,3.58,2026-09-08T11:09:49.421Z,True
2026-09-08T15:50:20Z,id1000001772221268,Sunderland AFC,Arsenal FC,2026-09-12T19:00:00.000Z,17,pinnacle,home,7.18,2026-09-08T12:07:37.620Z,True
2026-09-08T15:50:20Z,id1000001772221268,Sunderland AFC,Arsenal FC,2026-09-12T19:00:00.000Z,17,pinnacle,draw,4.36,2026-09-08T12:07:37.620Z,True
2026-09-08T15:50:20Z,id1000001772221268,Sunderland AFC,Arsenal FC,2026-09-12T19:00:00.000Z,17,pinnacle,away,1.495,2026-09-08T12:07:37.620Z,True
2026-09-08T15:50:20Z,id1000032566887008,Atletico Mineiro MG,Fluminense FC RJ,2026-09-12T19:00:00.000Z,325,pinnacle,home,2.23,2026-09-08T07:55:38.641Z,True
2026-09-08T15:50:20Z,id1000032566887008,Atletico Mineiro MG,Fluminense FC RJ,2026-09-12T19:00:00.000Z,325,pinnacle,draw,3.26,2026-09-08T07:55:38.641Z,True
2026-09-08T15:50:20Z,id1000032566887008,Atletico Mineiro MG,Fluminense FC RJ,2026-09-12T19:00:00.000Z,325,pinnacle,away,3.46,2026-09-08T07:55:38.641Z,True
2026-09-08T15:50:20Z,id1000032566887010,Gremio FB Porto Alegrense RS,CR Vasco da Gama RJ,2026-09-12T19:00:00.000Z,325,pinnacle,home,2.39,2026-09-08T14:51:19.646Z,True
2026-09-08T15:50:20Z,id1000032566887010,Gremio FB Porto Alegrense RS,CR Vasco da Gama RJ,2026-09-12T19:00:00.000Z,325,pinnacle,draw,3.35,2026-09-08T14:51:19.646Z,True
2026-09-08T15:50:20Z,id1000032566887010,Gremio FB Porto Alegrense RS,CR Vasco da Gama RJ,2026-09-12T19:00:00.000Z,325,pinnacle,away,3.06,2026-09-08T14:51:19.646Z,True
2026-09-08T15:50:20Z,id1000032566887016,Chapecoense SC,SC Internacional RS,2026-09-12T20:00:00.000Z,325,pinnacle,home,3.31,2026-09-08T07:28:09.489Z,True
2026-09-08T15:50:20Z,id1000032566887016,Chapecoense SC,SC Internacional RS,2026-09-12T20:00:00.000Z,325,pinnacle,draw,3.37,2026-09-08T07:28:09.489Z,True
2026-09-08T15:50:20Z,id1000032566887016,Chapecoense SC,SC Internacional RS,2026-09-12T20:00:00.000Z,325,pinnacle,away,2.24,2026-09-08T07:28:09.489Z,True
2026-09-08T15:50:20Z,id1000032566887004,SE Palmeiras SP,Sao Paulo FC SP,2026-09-12T21:30:00.000Z,325,pinnacle,home,1.68,2026-09-07T19:05:11.817Z,True
2026-09-08T15:50:20Z,id1000032566887004,SE Palmeiras SP,Sao Paulo FC SP,2026-09-12T21:30:00.000Z,325,pinnacle,draw,3.81,2026-09-07T19:05:11.817Z,True
2026-09-08T15:50:20Z,id1000032566887004,SE Palmeiras SP,Sao Paulo FC SP,2026-09-12T21:30:00.000Z,325,pinnacle,away,5.23,2026-09-07T19:05:11.817Z,True
2026-09-08T15:50:20Z,id1000032566887000,Botafogo FR RJ,Red Bull Bragantino SP,2026-09-12T23:30:00.000Z,325,pinnacle,home,2.41,2026-09-07T23:21:03.974Z,True
2026-09-08T15:50:20Z,id1000032566887000,Botafogo FR RJ,Red Bull Bragantino SP,2026-09-12T23:30:00.000Z,325,pinnacle,draw,3.44,2026-09-07T23:21:03.974Z,True
2026-09-08T15:50:20Z,id1000032566887000,Botafogo FR RJ,Red Bull Bragantino SP,2026-09-12T23:30:00.000Z,325,pinnacle,away,2.96,2026-09-07T23:21:03.974Z,True
2026-09-08T15:50:20Z,id1000032566887002,Santos FC SP,Cruzeiro EC MG,2026-09-13T00:00:00.000Z,325,pinnacle,home,2.65,2026-09-07T13:34:44.120Z,True
2026-09-08T15:50:20Z,id1000032566887002,Santos FC SP,Cruzeiro EC MG,2026-09-13T00:00:00.000Z,325,pinnacle,draw,3.38,2026-09-07T13:34:44.120Z,True
2026-09-08T15:50:20Z,id1000032566887002,Santos FC SP,Cruzeiro EC MG,2026-09-13T00:00:00.000Z,325,pinnacle,away,2.7,2026-09-07T13:34:44.120Z,True
2026-09-08T15:50:20Z,id1000000872478558,Real Madrid,Rayo Vallecano,2026-09-13T07:00:00.000Z,8,pinnacle,home,1.145,2026-09-08T14:45:44.911Z,True
2026-09-08T15:50:20Z,id1000000872478558,Real Madrid,Rayo Vallecano,2026-09-13T07:00:00.000Z,8,pinnacle,draw,8.89,2026-09-08T14:45:44.911Z,True
2026-09-08T15:50:20Z,id1000000872478558,Real Madrid,Rayo Vallecano,2026-09-13T07:00:00.000Z,8,pinnacle,away,18.36,2026-09-08T14:45:44.911Z,True
2026-09-08T15:50:20Z,id1000000872478548,RC Celta de Vigo,Malaga CF,2026-09-13T12:00:00.000Z,8,pinnacle,home,1.709,2026-09-08T13:47:43.070Z,True
2026-09-08T15:50:20Z,id1000000872478548,RC Celta de Vigo,Malaga CF,2026-09-13T12:00:00.000Z,8,pinnacle,draw,3.86,2026-09-08T13:47:43.070Z,True
2026-09-08T15:50:20Z,id1000000872478548,RC Celta de Vigo,Malaga CF,2026-09-13T12:00:00.000Z,8,pinnacle,away,5.21,2026-09-08T13:47:43.070Z,True
2026-09-08T15:50:20Z,id1000001772221258,Coventry City,Brighton & Hove Albion,2026-09-13T13:00:00.000Z,17,pinnacle,home,4.09,2026-09-08T11:41:24.998Z,True
2026-09-08T15:50:20Z,id1000001772221258,Coventry City,Brighton & Hove Albion,2026-09-13T13:00:00.000Z,17,pinnacle,draw,3.79,2026-09-08T11:41:24.998Z,True
2026-09-08T15:50:20Z,id1000001772221258,Coventry City,Brighton & Hove Albion,2026-09-13T13:00:00.000Z,17,pinnacle,away,1.892,2026-09-08T11:41:24.998Z,True
2026-09-08T15:50:20Z,id1000000872478552,Levante UD,FC Barcelona,2026-09-13T14:15:00.000Z,8,pinnacle,home,12.23,2026-09-08T14:30:19.963Z,True
2026-09-08T15:50:20Z,id1000000872478552,Levante UD,FC Barcelona,2026-09-13T14:15:00.000Z,8,pinnacle,draw,8.01,2026-09-08T14:30:19.963Z,True
2026-09-08T15:50:20Z,id1000000872478552,Levante UD,FC Barcelona,2026-09-13T14:15:00.000Z,8,pinnacle,away,1.196,2026-09-08T14:30:19.963Z,True
2026-09-08T15:50:20Z,id1000001772221266,Manchester United,Manchester City,2026-09-13T15:30:00.000Z,17,pinnacle,home,3.15,2026-09-08T11:11:37.777Z,True
2026-09-08T15:50:20Z,id1000001772221266,Manchester United,Manchester City,2026-09-13T15:30:00.000Z,17,pinnacle,draw,3.86,2026-09-08T11:11:37.777Z,True
2026-09-08T15:50:20Z,id1000001772221266,Manchester United,Manchester City,2026-09-13T15:30:00.000Z,17,pinnacle,away,2.19,2026-09-08T11:11:37.777Z,True
2026-09-08T15:50:20Z,id1000000872478550,Getafe CF,RC Deportivo de A Coruna,2026-09-13T16:30:00.000Z,8,pinnacle,home,2.48,2026-09-08T14:17:06.135Z,True
2026-09-08T15:50:20Z,id1000000872478550,Getafe CF,RC Deportivo de A Coruna,2026-09-13T16:30:00.000Z,8,pinnacle,draw,2.86,2026-09-08T14:17:06.135Z,True
2026-09-08T15:50:20Z,id1000000872478550,Getafe CF,RC Deportivo de A Coruna,2026-09-13T16:30:00.000Z,8,pinnacle,away,3.58,2026-09-08T14:17:06.135Z,True
2026-09-08T15:50:20Z,id1000000872478556,Racing Santander,Deportivo Alaves,2026-09-13T19:00:00.000Z,8,pinnacle,home,2.46,2026-09-08T15:02:04.961Z,True
2026-09-08T15:50:20Z,id1000000872478556,Racing Santander,Deportivo Alaves,2026-09-13T19:00:00.000Z,8,pinnacle,draw,3.59,2026-09-08T15:02:04.961Z,True
2026-09-08T15:50:20Z,id1000000872478556,Racing Santander,Deportivo Alaves,2026-09-13T19:00:00.000Z,8,pinnacle,away,2.88,2026-09-08T15:02:04.961Z,True
2026-09-08T15:50:20Z,id1000000872478560,Real Sociedad San Sebastian,Atletico Madrid,2026-09-13T19:00:00.000Z,8,pinnacle,home,2.9,2026-09-08T14:21:51.981Z,True
2026-09-08T15:50:20Z,id1000000872478560,Real Sociedad San Sebastian,Atletico Madrid,2026-09-13T19:00:00.000Z,8,pinnacle,draw,3.67,2026-09-08T14:21:51.981Z,True
2026-09-08T15:50:20Z,id1000000872478560,Real Sociedad San Sebastian,Atletico Madrid,2026-09-13T19:00:00.000Z,8,pinnacle,away,2.4,2026-09-08T14:21:51.981Z,True
2026-09-08T15:50:20Z,id1000032566887006,Mirassol FC SP,EC Vitoria BA,2026-09-13T19:00:00.000Z,325,pinnacle,home,1.751,2026-09-08T11:15:31.901Z,True
2026-09-08T15:50:20Z,id1000032566887006,Mirassol FC SP,EC Vitoria BA,2026-09-13T19:00:00.000Z,325,pinnacle,draw,3.77,2026-09-08T11:15:31.901Z,True
2026-09-08T15:50:20Z,id1000032566887006,Mirassol FC SP,EC Vitoria BA,2026-09-13T19:00:00.000Z,325,pinnacle,away,4.72,2026-09-08T11:15:31.901Z,True
2026-09-08T15:50:20Z,id1000032566886998,CR Flamengo RJ,SC Corinthians SP,2026-09-13T20:30:00.000Z,325,pinnacle,home,1.46,2026-09-08T10:23:40.548Z,True
2026-09-08T15:50:20Z,id1000032566886998,CR Flamengo RJ,SC Corinthians SP,2026-09-13T20:30:00.000Z,325,pinnacle,draw,4.36,2026-09-08T10:23:40.548Z,True
2026-09-08T15:50:20Z,id1000032566886998,CR Flamengo RJ,SC Corinthians SP,2026-09-13T20:30:00.000Z,325,pinnacle,away,7.32,2026-09-08T10:23:40.548Z,True
2026-09-08T15:50:20Z,id1000000872478564,Villarreal CF,Real Betis Seville,2026-09-14T19:00:00.000Z,8,pinnacle,home,1.892,2026-09-08T07:09:27.990Z,True
2026-09-08T15:50:20Z,id1000000872478564,Villarreal CF,Real Betis Seville,2026-09-14T19:00:00.000Z,8,pinnacle,draw,3.99,2026-09-08T07:09:27.990Z,True
2026-09-08T15:50:20Z,id1000000872478564,Villarreal CF,Real Betis Seville,2026-09-14T19:00:00.000Z,8,pinnacle,away,3.83,2026-09-08T07:09:27.990Z,True
2026-09-08T15:50:20Z,id1000001772221262,Leeds United,Newcastle United,2026-09-14T19:00:00.000Z,17,pinnacle,home,2.42,2026-09-08T11:11:46.580Z,True
2026-09-08T15:50:20Z,id1000001772221262,Leeds United,Newcastle United,2026-09-14T19:00:00.000Z,17,pinnacle,draw,3.52,2026-09-08T11:11:46.580Z,True
2026-09-08T15:50:20Z,id1000001772221262,Leeds United,Newcastle United,2026-09-14T19:00:00.000Z,17,pinnacle,away,2.93,2026-09-08T11:11:46.580Z,True
2026-09-08T15:50:20Z,id1000032566887014,EC Bahia BA,Clube do Remo PA,2026-09-14T23:00:00.000Z,325,pinnacle,home,1.431,2026-09-08T13:29:39.221Z,True
2026-09-08T15:50:20Z,id1000032566887014,EC Bahia BA,Clube do Remo PA,2026-09-14T23:00:00.000Z,325,pinnacle,draw,4.79,2026-09-08T13:29:39.221Z,True
2026-09-08T15:50:20Z,id1000032566887014,EC Bahia BA,Clube do Remo PA,2026-09-14T23:00:00.000Z,325,pinnacle,away,6.97,2026-09-08T13:29:39.221Z,True
2026-09-08T15:50:20Z,id1000000872478582,Rayo Vallecano,Espanyol Barcelona,2026-09-15T17:00:00.000Z,8,pinnacle,home,1.99,2026-09-07T15:30:45.690Z,True
2026-09-08T15:50:20Z,id1000000872478582,Rayo Vallecano,Espanyol Barcelona,2026-09-15T17:00:00.000Z,8,pinnacle,draw,3.5,2026-09-07T15:30:45.690Z,True
2026-09-08T15:50:20Z,id1000000872478582,Rayo Vallecano,Espanyol Barcelona,2026-09-15T17:00:00.000Z,8,pinnacle,away,3.79,2026-09-07T15:30:45.690Z,True
2026-09-08T15:50:20Z,id1000000872478566,Deportivo Alaves,Valencia CF,2026-09-15T18:00:00.000Z,8,pinnacle,home,2.28,2026-09-08T06:03:56.852Z,True
2026-09-08T15:50:20Z,id1000000872478566,Deportivo Alaves,Valencia CF,2026-09-15T18:00:00.000Z,8,pinnacle,draw,2.87,2026-09-08T06:03:56.852Z,True
2026-09-08T15:50:20Z,id1000000872478566,Deportivo Alaves,Valencia CF,2026-09-15T18:00:00.000Z,8,pinnacle,away,3.79,2026-09-08T06:03:56.852Z,True
2026-09-08T15:50:20Z,id1000000872478574,Elche CF,Real Madrid,2026-09-15T19:30:00.000Z,8,pinnacle,home,10.23,2026-09-08T10:12:32.753Z,True
2026-09-08T15:50:20Z,id1000000872478574,Elche CF,Real Madrid,2026-09-15T19:30:00.000Z,8,pinnacle,draw,5.78,2026-09-08T10:12:32.753Z,True
2026-09-08T15:50:20Z,id1000000872478574,Elche CF,Real Madrid,2026-09-15T19:30:00.000Z,8,pinnacle,away,1.262,2026-09-08T10:12:32.753Z,True
2026-09-08T15:50:20Z,id1000000872478568,Atletico Madrid,CA Osasuna,2026-09-16T17:00:00.000Z,8,pinnacle,home,1.456,2026-09-07T16:02:07.099Z,True
2026-09-08T15:50:20Z,id1000000872478568,Atletico Madrid,CA Osasuna,2026-09-16T17:00:00.000Z,8,pinnacle,draw,4.52,2026-09-07T16:02:07.099Z,True
2026-09-08T15:50:20Z,id1000000872478568,Atletico Madrid,CA Osasuna,2026-09-16T17:00:00.000Z,8,pinnacle,away,6.7,2026-09-07T16:02:07.099Z,True
2026-09-08T15:50:20Z,id1000000872478572,RC Deportivo de A Coruna,Sevilla FC,2026-09-16T17:00:00.000Z,8,pinnacle,home,2.5,2026-09-07T08:26:54.897Z,True
2026-09-08T15:50:20Z,id1000000872478572,RC Deportivo de A Coruna,Sevilla FC,2026-09-16T17:00:00.000Z,8,pinnacle,draw,3.03,2026-09-07T08:26:54.897Z,True
2026-09-08T15:50:20Z,id1000000872478572,RC Deportivo de A Coruna,Sevilla FC,2026-09-16T17:00:00.000Z,8,pinnacle,away,3.14,2026-09-07T08:26:54.897Z,True
2026-09-08T15:50:20Z,id1000000872478576,FC Barcelona,Racing Santander,2026-09-16T19:30:00.000Z,8,pinnacle,home,1.079,2026-09-07T18:09:31.575Z,True
2026-09-08T15:50:20Z,id1000000872478576,FC Barcelona,Racing Santander,2026-09-16T19:30:00.000Z,8,pinnacle,draw,12.32,2026-09-07T18:09:31.575Z,True
2026-09-08T15:50:20Z,id1000000872478576,FC Barcelona,Racing Santander,2026-09-16T19:30:00.000Z,8,pinnacle,away,20.62,2026-09-07T18:09:31.575Z,True
2026-09-08T15:50:20Z,id1000000872478578,Levante UD,Athletic Bilbao,2026-09-16T19:30:00.000Z,8,pinnacle,home,3.13,2026-09-07T16:03:16.225Z,True
2026-09-08T15:50:20Z,id1000000872478578,Levante UD,Athletic Bilbao,2026-09-16T19:30:00.000Z,8,pinnacle,draw,3.46,2026-09-07T16:03:16.225Z,True
2026-09-08T15:50:20Z,id1000000872478578,Levante UD,Athletic Bilbao,2026-09-16T19:30:00.000Z,8,pinnacle,away,2.26,2026-09-07T16:03:16.225Z,True
2026-09-08T15:50:20Z,id1000000872478570,Real Betis Seville,Getafe CF,2026-09-17T17:00:00.000Z,8,pinnacle,home,1.847,2026-09-06T20:09:14.803Z,True
2026-09-08T15:50:20Z,id1000000872478570,Real Betis Seville,Getafe CF,2026-09-17T17:00:00.000Z,8,pinnacle,draw,3.39,2026-09-06T20:09:14.803Z,True
2026-09-08T15:50:20Z,id1000000872478570,Real Betis Seville,Getafe CF,2026-09-17T17:00:00.000Z,8,pinnacle,away,4.6,2026-09-06T20:09:14.803Z,True
2026-09-08T15:50:20Z,id1000000872478580,Malaga CF,Villarreal CF,2026-09-17T19:30:00.000Z,8,pinnacle,home,3.75,2026-09-06T20:06:46.122Z,True
2026-09-08T15:50:20Z,id1000000872478580,Malaga CF,Villarreal CF,2026-09-17T19:30:00.000Z,8,pinnacle,draw,3.53,2026-09-06T20:06:46.122Z,True
2026-09-08T15:50:20Z,id1000000872478580,Malaga CF,Villarreal CF,2026-09-17T19:30:00.000Z,8,pinnacle,away,1.99,2026-09-06T20:06:46.122Z,True
2026-09-08T15:50:20Z,id1000000872478594,Espanyol Barcelona,Elche CF,2026-09-18T19:00:00.000Z,8,pinnacle,home,2.12,2026-09-06T18:47:56.520Z,False
2026-09-08T15:50:20Z,id1000000872478594,Espanyol Barcelona,Elche CF,2026-09-18T19:00:00.000Z,8,pinnacle,draw,3.0,2026-09-06T18:47:56.520Z,False
2026-09-08T15:50:20Z,id1000000872478594,Espanyol Barcelona,Elche CF,2026-09-18T19:00:00.000Z,8,pinnacle,away,4.05,2026-09-06T18:47:56.520Z,False
2026-09-08T15:50:20Z,id1000001772221274,Brentford FC,Chelsea FC,2026-09-18T19:00:00.000Z,17,pinnacle,home,2.72,2026-09-08T08:44:43.819Z,True
2026-09-08T15:50:20Z,id1000001772221274,Brentford FC,Chelsea FC,2026-09-18T19:00:00.000Z,17,pinnacle,draw,3.72,2026-09-08T08:44:43.819Z,True
2026-09-08T15:50:20Z,id1000001772221274,Brentford FC,Chelsea FC,2026-09-18T19:00:00.000Z,17,pinnacle,away,2.42,2026-09-08T08:44:43.819Z,True
2026-09-08T15:50:20Z,id1000001772221290,Tottenham Hotspur,Aston Villa,2026-09-19T11:30:00.000Z,17,pinnacle,home,1.98,2026-09-07T00:46:58.421Z,True
2026-09-08T15:50:20Z,id1000001772221290,Tottenham Hotspur,Aston Villa,2026-09-19T11:30:00.000Z,17,pinnacle,draw,3.69,2026-09-07T00:46:58.421Z,True
2026-09-08T15:50:20Z,id1000001772221290,Tottenham Hotspur,Aston Villa,2026-09-19T11:30:00.000Z,17,pinnacle,away,3.62,2026-09-07T00:46:58.421Z,True
2026-09-08T15:50:20Z,id1000001772221276,Brighton & Hove Albion,Arsenal FC,2026-09-19T14:00:00.000Z,17,pinnacle,home,4.19,2026-09-07T13:03:49.551Z,True
2026-09-08T15:50:20Z,id1000001772221276,Brighton & Hove Albion,Arsenal FC,2026-09-19T14:00:00.000Z,17,pinnacle,draw,3.88,2026-09-07T13:03:49.551Z,True
2026-09-08T15:50:20Z,id1000001772221276,Brighton & Hove Albion,Arsenal FC,2026-09-19T14:00:00.000Z,17,pinnacle,away,1.793,2026-09-07T13:03:49.551Z,True
2026-09-08T15:50:20Z,id1000001772221278,Everton FC,Ipswich Town,2026-09-19T14:00:00.000Z,17,pinnacle,home,1.826,2026-09-07T18:19:31.580Z,True
2026-09-08T15:50:20Z,id1000001772221278,Everton FC,Ipswich Town,2026-09-19T14:00:00.000Z,17,pinnacle,draw,3.7,2026-09-07T18:19:31.580Z,True
2026-09-08T15:50:20Z,id1000001772221278,Everton FC,Ipswich Town,2026-09-19T14:00:00.000Z,17,pinnacle,away,4.25,2026-09-07T18:19:31.580Z,True
2026-09-08T15:50:20Z,id1000001772221286,Newcastle United,Hull City,2026-09-19T14:00:00.000Z,17,pinnacle,home,1.487,2026-09-07T07:41:56.931Z,True
2026-09-08T15:50:20Z,id1000001772221286,Newcastle United,Hull City,2026-09-19T14:00:00.000Z,17,pinnacle,draw,4.56,2026-09-07T07:41:56.931Z,True
2026-09-08T15:50:20Z,id1000001772221286,Newcastle United,Hull City,2026-09-19T14:00:00.000Z,17,pinnacle,away,6.07,2026-09-07T07:41:56.931Z,True
2026-09-08T15:50:20Z,id1000001772221288,Nottingham Forest,Coventry City,2026-09-19T16:30:00.000Z,17,pinnacle,home,1.787,2026-09-06T20:19:11.097Z,True
2026-09-08T15:50:20Z,id1000001772221288,Nottingham Forest,Coventry City,2026-09-19T16:30:00.000Z,17,pinnacle,draw,3.8,2026-09-06T20:19:11.097Z,True
2026-09-08T15:50:20Z,id1000001772221288,Nottingham Forest,Coventry City,2026-09-19T16:30:00.000Z,17,pinnacle,away,4.34,2026-09-06T20:19:11.097Z,True
2026-09-08T15:50:20Z,id1000001772221272,AFC Bournemouth,Liverpool FC,2026-09-20T13:00:00.000Z,17,pinnacle,home,3.21,2026-09-08T08:49:37.908Z,True
2026-09-08T15:50:20Z,id1000001772221272,AFC Bournemouth,Liverpool FC,2026-09-20T13:00:00.000Z,17,pinnacle,draw,3.89,2026-09-08T08:49:37.908Z,True
2026-09-08T15:50:20Z,id1000001772221272,AFC Bournemouth,Liverpool FC,2026-09-20T13:00:00.000Z,17,pinnacle,away,2.08,2026-09-08T08:49:37.908Z,True
2026-09-08T15:50:20Z,id1000001772221282,Leeds United,Crystal Palace,2026-09-20T13:00:00.000Z,17,pinnacle,home,2.09,2026-09-08T11:50:33.106Z,True
2026-09-08T15:50:20Z,id1000001772221282,Leeds United,Crystal Palace,2026-09-20T13:00:00.000Z,17,pinnacle,draw,3.57,2026-09-08T11:50:33.106Z,True
2026-09-08T15:50:20Z,id1000001772221282,Leeds United,Crystal Palace,2026-09-20T13:00:00.000Z,17,pinnacle,away,3.42,2026-09-08T11:50:33.106Z,True
2026-09-08T15:50:20Z,id1000001772221284,Manchester City,Sunderland AFC,2026-09-20T13:00:00.000Z,17,pinnacle,home,1.261,2026-09-07T16:53:39.635Z,True
2026-09-08T15:50:20Z,id1000001772221284,Manchester City,Sunderland AFC,2026-09-20T13:00:00.000Z,17,pinnacle,draw,5.94,2026-09-07T16:53:39.635Z,True
2026-09-08T15:50:20Z,id1000001772221284,Manchester City,Sunderland AFC,2026-09-20T13:00:00.000Z,17,pinnacle,away,9.81,2026-09-07T16:53:39.635Z,True
2026-09-08T15:50:20Z,id1000001772221280,Fulham FC,Manchester United,2026-09-20T15:30:00.000Z,17,pinnacle,home,3.46,2026-09-07T05:43:53.263Z,True
2026-09-08T15:50:20Z,id1000001772221280,Fulham FC,Manchester United,2026-09-20T15:30:00.000Z,17,pinnacle,draw,3.77,2026-09-07T05:43:53.263Z,True
2026-09-08T15:50:20Z,id1000001772221280,Fulham FC,Manchester United,2026-09-20T15:30:00.000Z,17,pinnacle,away,2.01,2026-09-07T05:43:53.263Z,True
2026-09-08T15:50:20Z,id1000067974172914,FC Ararat-Armenia,Sparta Prague,2026-09-16T16:45:00.000Z,679,pinnacle,home,5.05,2026-09-08T10:19:41.462Z,True
2026-09-08T15:50:20Z,id1000067974172914,FC Ararat-Armenia,Sparta Prague,2026-09-16T16:45:00.000Z,679,pinnacle,draw,4.15,2026-09-08T10:19:41.462Z,True
2026-09-08T15:50:20Z,id1000067974172914,FC Ararat-Armenia,Sparta Prague,2026-09-16T16:45:00.000Z,679,pinnacle,away,1.621,2026-09-08T10:19:41.462Z,True
2026-09-08T15:50:20Z,id1000067974172916,AC Omonia Nicosia,RC Celta de Vigo,2026-09-16T16:45:00.000Z,679,pinnacle,home,4.11,2026-09-08T07:36:44.401Z,True
2026-09-08T15:50:20Z,id1000067974172916,AC Omonia Nicosia,RC Celta de Vigo,2026-09-16T16:45:00.000Z,679,pinnacle,draw,3.52,2026-09-08T07:36:44.401Z,True
2026-09-08T15:50:20Z,id1000067974172916,AC Omonia Nicosia,RC Celta de Vigo,2026-09-16T16:45:00.000Z,679,pinnacle,away,1.909,2026-09-08T07:36:44.401Z,True
2026-09-08T15:50:20Z,id1000067974172918,AC Milan,SL Benfica,2026-09-16T19:00:00.000Z,679,pinnacle,home,2.13,2026-09-06T22:42:31.954Z,True
2026-09-08T15:50:20Z,id1000067974172918,AC Milan,SL Benfica,2026-09-16T19:00:00.000Z,679,pinnacle,draw,3.49,2026-09-06T22:42:31.954Z,True
2026-09-08T15:50:20Z,id1000067974172918,AC Milan,SL Benfica,2026-09-16T19:00:00.000Z,679,pinnacle,away,3.39,2026-09-06T22:42:31.954Z,True
2026-09-08T15:50:20Z,id1000067974172920,Bayer Leverkusen,NK Celje,2026-09-16T19:00:00.000Z,679,pinnacle,home,1.189,2026-09-05T02:28:03.237Z,True
2026-09-08T15:50:20Z,id1000067974172920,Bayer Leverkusen,NK Celje,2026-09-16T19:00:00.000Z,679,pinnacle,draw,7.45,2026-09-05T02:28:03.237Z,True
2026-09-08T15:50:20Z,id1000067974172920,Bayer Leverkusen,NK Celje,2026-09-16T19:00:00.000Z,679,pinnacle,away,12.55,2026-09-05T02:28:03.237Z,True
2026-09-08T15:50:20Z,id1000067974172922,Hapoel Be`er Sheva FC,GNK Dinamo Zagreb,2026-09-16T19:00:00.000Z,679,pinnacle,home,3.27,2026-09-07T13:04:23.133Z,True
2026-09-08T15:50:20Z,id1000067974172922,Hapoel Be`er Sheva FC,GNK Dinamo Zagreb,2026-09-16T19:00:00.000Z,679,pinnacle,draw,3.86,2026-09-07T13:04:23.133Z,True
2026-09-08T15:50:20Z,id1000067974172922,Hapoel Be`er Sheva FC,GNK Dinamo Zagreb,2026-09-16T19:00:00.000Z,679,pinnacle,away,2.06,2026-09-07T13:04:23.133Z,True
2026-09-08T15:50:20Z,id1000067974172924,Olympiacos Piraeus,Jagiellonia Bialystok,2026-09-16T19:00:00.000Z,679,pinnacle,home,1.37,2026-09-05T02:18:18.650Z,True
2026-09-08T15:50:20Z,id1000067974172924,Olympiacos Piraeus,Jagiellonia Bialystok,2026-09-16T19:00:00.000Z,679,pinnacle,draw,4.86,2026-09-05T02:18:18.650Z,True
2026-09-08T15:50:20Z,id1000067974172924,Olympiacos Piraeus,Jagiellonia Bialystok,2026-09-16T19:00:00.000Z,679,pinnacle,away,8.2,2026-09-05T02:18:18.650Z,True
2026-09-08T15:50:20Z,id1000067974172926,RSC Anderlecht,Olympique Lyon,2026-09-16T19:00:00.000Z,679,pinnacle,home,3.46,2026-09-08T04:48:16.170Z,True
2026-09-08T15:50:20Z,id1000067974172926,RSC Anderlecht,Olympique Lyon,2026-09-16T19:00:00.000Z,679,pinnacle,draw,3.79,2026-09-08T04:48:16.170Z,True
2026-09-08T15:50:20Z,id1000067974172926,RSC Anderlecht,Olympique Lyon,2026-09-16T19:00:00.000Z,679,pinnacle,away,2.01,2026-09-08T04:48:16.170Z,True
2026-09-08T15:50:20Z,id1000067974172930,Sunderland AFC,AZ Alkmaar,2026-09-16T19:00:00.000Z,679,pinnacle,home,1.724,2026-09-07T18:09:42.742Z,True
2026-09-08T15:50:20Z,id1000067974172930,Sunderland AFC,AZ Alkmaar,2026-09-16T19:00:00.000Z,679,pinnacle,draw,3.96,2026-09-07T18:09:42.742Z,True
2026-09-08T15:50:20Z,id1000067974172930,Sunderland AFC,AZ Alkmaar,2026-09-16T19:00:00.000Z,679,pinnacle,away,4.49,2026-09-07T18:09:42.742Z,True
2026-09-08T15:50:20Z,id1000067974172932,OFI Crete,TSG Hoffenheim,2026-09-17T16:45:00.000Z,679,pinnacle,home,7.2,2026-09-03T18:10:33.241Z,True
2026-09-08T15:50:20Z,id1000067974172932,OFI Crete,TSG Hoffenheim,2026-09-17T16:45:00.000Z,679,pinnacle,draw,4.87,2026-09-03T18:10:33.241Z,True
2026-09-08T15:50:20Z,id1000067974172932,OFI Crete,TSG Hoffenheim,2026-09-17T16:45:00.000Z,679,pinnacle,away,1.403,2026-09-03T18:10:33.241Z,True
2026-09-08T15:50:20Z,id1000067974172934,PFC Levski Sofia,FC Salzburg,2026-09-17T16:45:00.000Z,679,pinnacle,home,2.86,2026-09-03T19:55:50.379Z,True
2026-09-08T15:50:20Z,id1000067974172934,PFC Levski Sofia,FC Salzburg,2026-09-17T16:45:00.000Z,679,pinnacle,draw,3.6,2026-09-03T19:55:50.379Z,True
2026-09-08T15:50:20Z,id1000067974172934,PFC Levski Sofia,FC Salzburg,2026-09-17T16:45:00.000Z,679,pinnacle,away,2.37,2026-09-03T19:55:50.379Z,True
2026-09-08T15:50:20Z,id1000067974172936,Besiktas Istanbul,Olympique Marseille,2026-09-17T19:00:00.000Z,679,pinnacle,home,2.06,2026-09-08T14:30:48.716Z,True
2026-09-08T15:50:20Z,id1000067974172936,Besiktas Istanbul,Olympique Marseille,2026-09-17T19:00:00.000Z,679,pinnacle,draw,3.95,2026-09-08T14:30:48.716Z,True
2026-09-08T15:50:20Z,id1000067974172936,Besiktas Istanbul,Olympique Marseille,2026-09-17T19:00:00.000Z,679,pinnacle,away,3.19,2026-09-08T14:30:48.716Z,True
2026-09-08T15:50:20Z,id1000067974172938,Celtic Glasgow,Ferencvarosi Budapest,2026-09-17T19:00:00.000Z,679,pinnacle,home,1.694,2026-09-08T14:57:46.200Z,True
2026-09-08T15:50:20Z,id1000067974172938,Celtic Glasgow,Ferencvarosi Budapest,2026-09-17T19:00:00.000Z,679,pinnacle,draw,4.12,2026-09-08T14:57:46.200Z,True
2026-09-08T15:50:20Z,id1000067974172938,Celtic Glasgow,Ferencvarosi Budapest,2026-09-17T19:00:00.000Z,679,pinnacle,away,4.52,2026-09-08T14:57:46.200Z,True
2026-09-08T15:50:20Z,id1000067974172940,Crystal Palace,KKS Lech Poznan,2026-09-17T19:00:00.000Z,679,pinnacle,home,1.444,2026-09-07T18:04:46.860Z,True
2026-09-08T15:50:20Z,id1000067974172940,Crystal Palace,KKS Lech Poznan,2026-09-17T19:00:00.000Z,679,pinnacle,draw,4.73,2026-09-07T18:04:46.860Z,True
2026-09-08T15:50:20Z,id1000067974172940,Crystal Palace,KKS Lech Poznan,2026-09-17T19:00:00.000Z,679,pinnacle,away,6.53,2026-09-07T18:04:46.860Z,True
2026-09-08T15:50:20Z,id1000067974172942,FC Viktoria Plzen,Union Saint-Gilloise,2026-09-17T19:00:00.000Z,679,pinnacle,home,2.44,2026-09-03T10:37:29.201Z,True
2026-09-08T15:50:20Z,id1000067974172942,FC Viktoria Plzen,Union Saint-Gilloise,2026-09-17T19:00:00.000Z,679,pinnacle,draw,3.51,2026-09-03T10:37:29.201Z,True
2026-09-08T15:50:20Z,id1000067974172942,FC Viktoria Plzen,Union Saint-Gilloise,2026-09-17T19:00:00.000Z,679,pinnacle,away,2.81,2026-09-03T10:37:29.201Z,True
2026-09-08T15:50:20Z,id1000067974172944,Juventus Turin,NEC Nijmegen,2026-09-17T19:00:00.000Z,679,pinnacle,home,1.265,2026-09-07T18:09:26.286Z,True
2026-09-08T15:50:20Z,id1000067974172944,Juventus Turin,NEC Nijmegen,2026-09-17T19:00:00.000Z,679,pinnacle,draw,5.86,2026-09-07T18:09:26.286Z,True
2026-09-08T15:50:20Z,id1000067974172944,Juventus Turin,NEC Nijmegen,2026-09-17T19:00:00.000Z,679,pinnacle,away,10.39,2026-09-07T18:09:26.286Z,True
2026-09-08T15:50:20Z,id1000067974172946,Lillestroem SK,SCU Torreense,2026-09-17T19:00:00.000Z,679,pinnacle,home,1.52,2026-09-03T19:00:34.215Z,True
2026-09-08T15:50:20Z,id1000067974172946,Lillestroem SK,SCU Torreense,2026-09-17T19:00:00.000Z,679,pinnacle,draw,4.48,2026-09-03T19:00:34.215Z,True
2026-09-08T15:50:20Z,id1000067974172946,Lillestroem SK,SCU Torreense,2026-09-17T19:00:00.000Z,679,pinnacle,away,5.7,2026-09-03T19:00:34.215Z,True
2026-09-08T15:50:20Z,id1000067974172948,Real Sociedad San Sebastian,AFC Bournemouth,2026-09-17T19:00:00.000Z,679,pinnacle,home,2.79,2026-09-08T05:15:16.982Z,True
2026-09-08T15:50:20Z,id1000067974172948,Real Sociedad San Sebastian,AFC Bournemouth,2026-09-17T19:00:00.000Z,679,pinnacle,draw,3.47,2026-09-08T05:15:16.982Z,True
2026-09-08T15:50:20Z,id1000067974172948,Real Sociedad San Sebastian,AFC Bournemouth,2026-09-17T19:00:00.000Z,679,pinnacle,away,2.48,2026-09-08T05:15:16.982Z,True
2026-09-08T15:50:20Z,id1000000774165868,AEK Athens,LASK Linz,2026-09-08T16:45:00.000Z,7,bet365,home,1.66,2026-09-08T15:00:51.819Z,True
2026-09-08T15:50:20Z,id1000000774165868,AEK Athens,LASK Linz,2026-09-08T16:45:00.000Z,7,bet365,draw,4.2,2026-09-08T14:18:29.887Z,True
2026-09-08T15:50:20Z,id1000000774165868,AEK Athens,LASK Linz,2026-09-08T16:45:00.000Z,7,bet365,away,4.333,2026-09-08T15:00:51.819Z,True
2026-09-08T15:50:20Z,id1000000774165870,Club Brugge,Aston Villa,2026-09-08T16:45:00.000Z,7,bet365,home,2.45,2026-09-08T14:18:05.848Z,True
2026-09-08T15:50:20Z,id1000000774165870,Club Brugge,Aston Villa,2026-09-08T16:45:00.000Z,7,bet365,draw,3.6,2026-09-08T14:18:05.848Z,True
2026-09-08T15:50:20Z,id1000000774165870,Club Brugge,Aston Villa,2026-09-08T16:45:00.000Z,7,bet365,away,2.65,2026-09-08T14:18:05.848Z,True
2026-09-08T15:50:20Z,id1000001872339792,Blackburn Rovers,Sheffield United,2026-09-08T18:45:00.000Z,18,bet365,home,3.0,2026-09-07T17:14:12.519Z,True
2026-09-08T15:50:20Z,id1000001872339792,Blackburn Rovers,Sheffield United,2026-09-08T18:45:00.000Z,18,bet365,draw,3.4,2026-09-06T16:17:44.793Z,True
2026-09-08T15:50:20Z,id1000001872339792,Blackburn Rovers,Sheffield United,2026-09-08T18:45:00.000Z,18,bet365,away,2.25,2026-09-07T17:14:12.519Z,True
2026-09-08T15:50:20Z,id1000001872339798,Cardiff City,Stoke City,2026-09-08T18:45:00.000Z,18,bet365,home,1.96,2026-09-08T09:19:03.900Z,True
2026-09-08T15:50:20Z,id1000001872339798,Cardiff City,Stoke City,2026-09-08T18:45:00.000Z,18,bet365,draw,3.6,2026-09-06T16:17:46.625Z,True
2026-09-08T15:50:20Z,id1000001872339798,Cardiff City,Stoke City,2026-09-08T18:45:00.000Z,18,bet365,away,3.5,2026-09-08T09:19:03.900Z,True
2026-09-08T15:50:20Z,id1000001872339802,Southampton FC,Swansea City,2026-09-08T18:45:00.000Z,18,bet365,home,1.76,2026-09-08T09:21:21.857Z,True
2026-09-08T15:50:20Z,id1000001872339802,Southampton FC,Swansea City,2026-09-08T18:45:00.000Z,18,bet365,draw,3.8,2026-09-08T09:21:21.857Z,True
2026-09-08T15:50:20Z,id1000001872339802,Southampton FC,Swansea City,2026-09-08T18:45:00.000Z,18,bet365,away,4.0,2026-09-08T09:21:21.857Z,True
2026-09-08T15:50:20Z,id1000001872339804,Watford FC,Preston North End,2026-09-08T18:45:00.000Z,18,bet365,home,2.05,2026-09-08T11:09:29.775Z,True
2026-09-08T15:50:20Z,id1000001872339804,Watford FC,Preston North End,2026-09-08T18:45:00.000Z,18,bet365,draw,3.4,2026-09-07T04:23:10.395Z,True
2026-09-08T15:50:20Z,id1000001872339804,Watford FC,Preston North End,2026-09-08T18:45:00.000Z,18,bet365,away,3.4,2026-09-08T11:09:29.775Z,True
2026-09-08T15:50:20Z,id1000001872339814,Wrexham AFC,Burnley FC,2026-09-08T18:45:00.000Z,18,bet365,home,1.96,2026-09-08T14:38:24.074Z,True
2026-09-08T15:50:20Z,id1000001872339814,Wrexham AFC,Burnley FC,2026-09-08T18:45:00.000Z,18,bet365,draw,3.4,2026-09-08T14:38:24.074Z,True
2026-09-08T15:50:20Z,id1000001872339814,Wrexham AFC,Burnley FC,2026-09-08T18:45:00.000Z,18,bet365,away,3.7,2026-09-08T14:38:24.074Z,True
2026-09-08T15:50:20Z,id1000000774165872,Borussia Dortmund,Villarreal CF,2026-09-08T19:00:00.000Z,7,bet365,home,1.71,2026-09-08T14:18:31.797Z,True
2026-09-08T15:50:20Z,id1000000774165872,Borussia Dortmund,Villarreal CF,2026-09-08T19:00:00.000Z,7,bet365,draw,4.0,2026-09-08T14:18:31.797Z,True
2026-09-08T15:50:20Z,id1000000774165872,Borussia Dortmund,Villarreal CF,2026-09-08T19:00:00.000Z,7,bet365,away,4.0,2026-09-08T14:18:31.797Z,True
2026-09-08T15:50:20Z,id1000000774165874,FC Porto,Manchester City,2026-09-08T19:00:00.000Z,7,bet365,home,4.75,2026-09-08T12:02:16.173Z,True
2026-09-08T15:50:20Z,id1000000774165874,FC Porto,Manchester City,2026-09-08T19:00:00.000Z,7,bet365,draw,4.1,2026-09-08T03:09:54.803Z,True
2026-09-08T15:50:20Z,id1000000774165874,FC Porto,Manchester City,2026-09-08T19:00:00.000Z,7,bet365,away,1.61,2026-09-08T12:02:16.173Z,True
2026-09-08T15:50:20Z,id1000000774165876,Lille OSC,Real Betis Seville,2026-09-08T19:00:00.000Z,7,bet365,home,2.15,2026-09-08T14:17:57.853Z,True
2026-09-08T15:50:20Z,id1000000774165876,Lille OSC,Real Betis Seville,2026-09-08T19:00:00.000Z,7,bet365,draw,3.5,2026-09-08T14:17:57.853Z,True
2026-09-08T15:50:20Z,id1000000774165876,Lille OSC,Real Betis Seville,2026-09-08T19:00:00.000Z,7,bet365,away,3.25,2026-09-08T15:18:08.046Z,True
2026-09-08T15:50:20Z,id1000000774165878,Real Madrid,Inter Milano,2026-09-08T19:00:00.000Z,7,bet365,home,1.53,2026-09-08T08:34:54.893Z,True
2026-09-08T15:50:20Z,id1000000774165878,Real Madrid,Inter Milano,2026-09-08T19:00:00.000Z,7,bet365,draw,4.333,2026-09-08T15:02:09.208Z,True
2026-09-08T15:50:20Z,id1000000774165878,Real Madrid,Inter Milano,2026-09-08T19:00:00.000Z,7,bet365,away,5.0,2026-09-08T15:02:09.208Z,True
2026-09-08T15:50:20Z,id1000001872339794,Bolton Wanderers,West Ham United,2026-09-08T19:00:00.000Z,18,bet365,home,5.0,2026-09-08T13:11:10.013Z,True
2026-09-08T15:50:20Z,id1000001872339794,Bolton Wanderers,West Ham United,2026-09-08T19:00:00.000Z,18,bet365,draw,4.0,2026-09-08T13:11:10.013Z,True
2026-09-08T15:50:20Z,id1000001872339794,Bolton Wanderers,West Ham United,2026-09-08T19:00:00.000Z,18,bet365,away,1.56,2026-09-08T13:11:10.013Z,True
2026-09-08T15:50:20Z,id1000000774165880,FC Barcelona,Feyenoord Rotterdam,2026-09-09T16:45:00.000Z,7,bet365,home,1.075,2026-09-08T10:02:36.084Z,True
2026-09-08T15:50:20Z,id1000000774165880,FC Barcelona,Feyenoord Rotterdam,2026-09-09T16:45:00.000Z,7,bet365,draw,10.0,2026-09-08T10:02:36.084Z,True
2026-09-08T15:50:20Z,id1000000774165880,FC Barcelona,Feyenoord Rotterdam,2026-09-09T16:45:00.000Z,7,bet365,away,21.0,2026-09-08T10:02:36.084Z,True
2026-09-08T15:50:20Z,id1000000774165882,VfB Stuttgart,Viking FK,2026-09-09T16:45:00.000Z,7,bet365,home,1.19,2026-09-08T00:22:03.572Z,True
2026-09-08T15:50:20Z,id1000000774165882,VfB Stuttgart,Viking FK,2026-09-09T16:45:00.000Z,7,bet365,draw,6.5,2026-09-07T23:40:22.175Z,True
2026-09-08T15:50:20Z,id1000000774165882,VfB Stuttgart,Viking FK,2026-09-09T16:45:00.000Z,7,bet365,away,11.0,2026-09-07T23:40:22.175Z,True
2026-09-08T15:50:20Z,id1000001872339810,Derby County,West Bromwich Albion,2026-09-09T18:45:00.000Z,18,bet365,home,2.25,2026-08-31T12:09:07.058Z,False
2026-09-08T15:50:20Z,id1000001872339810,Derby County,West Bromwich Albion,2026-09-09T18:45:00.000Z,18,bet365,draw,3.9,2026-08-31T12:09:07.058Z,False
2026-09-08T15:50:20Z,id1000001872339810,Derby County,West Bromwich Albion,2026-09-09T18:45:00.000Z,18,bet365,away,2.3,2026-08-31T12:09:07.058Z,False
2026-09-08T15:50:20Z,id1000001872339812,Norwich City,Birmingham City,2026-09-09T18:45:00.000Z,18,bet365,home,1.86,2026-09-08T08:30:05.444Z,True
2026-09-08T15:50:20Z,id1000001872339812,Norwich City,Birmingham City,2026-09-09T18:45:00.000Z,18,bet365,draw,3.5,2026-09-07T00:22:52.231Z,True
2026-09-08T15:50:20Z,id1000001872339812,Norwich City,Birmingham City,2026-09-09T18:45:00.000Z,18,bet365,away,3.9,2026-09-08T08:30:05.444Z,True
2026-09-08T15:50:20Z,id1000000774165884,Liverpool FC,Atletico Madrid,2026-09-09T19:00:00.000Z,7,bet365,home,1.66,2026-09-08T02:58:54.959Z,True
2026-09-08T15:50:20Z,id1000000774165884,Liverpool FC,Atletico Madrid,2026-09-09T19:00:00.000Z,7,bet365,draw,4.0,2026-09-07T23:20:33.370Z,True
2026-09-08T15:50:20Z,id1000000774165884,Liverpool FC,Atletico Madrid,2026-09-09T19:00:00.000Z,7,bet365,away,4.75,2026-09-07T23:20:33.370Z,True
2026-09-08T15:50:20Z,id1000000774165886,Paris Saint-Germain,SK Slovan Bratislava,2026-09-09T19:00:00.000Z,7,bet365,home,1.032,2026-09-08T14:20:43.501Z,True
2026-09-08T15:50:20Z,id1000000774165886,Paris Saint-Germain,SK Slovan Bratislava,2026-09-09T19:00:00.000Z,7,bet365,draw,15.0,2026-09-07T23:40:52.737Z,True
2026-09-08T15:50:20Z,id1000000774165886,Paris Saint-Germain,SK Slovan Bratislava,2026-09-09T19:00:00.000Z,7,bet365,away,34.0,2026-09-07T23:40:52.737Z,True
2026-09-08T15:50:20Z,id1000000774165888,Sporting CP,Galatasaray Istanbul,2026-09-09T19:00:00.000Z,7,bet365,home,1.76,2026-09-08T14:18:13.084Z,True
2026-09-08T15:50:20Z,id1000000774165888,Sporting CP,Galatasaray Istanbul,2026-09-09T19:00:00.000Z,7,bet365,draw,3.9,2026-09-08T14:18:13.084Z,True
2026-09-08T15:50:20Z,id1000000774165888,Sporting CP,Galatasaray Istanbul,2026-09-09T19:00:00.000Z,7,bet365,away,4.1,2026-09-08T14:18:13.084Z,True
2026-09-08T15:50:20Z,id1000000774165890,SSC Napoli,Arsenal FC,2026-09-09T19:00:00.000Z,7,bet365,home,5.0,2026-09-08T01:07:15.239Z,True
2026-09-08T15:50:20Z,id1000000774165890,SSC Napoli,Arsenal FC,2026-09-09T19:00:00.000Z,7,bet365,draw,3.75,2026-09-08T01:07:15.239Z,True
2026-09-08T15:50:20Z,id1000000774165890,SSC Napoli,Arsenal FC,2026-09-09T19:00:00.000Z,7,bet365,away,1.66,2026-09-08T03:32:57.219Z,True
2026-09-08T15:50:20Z,id1000001872339808,Charlton Athletic,Queens Park Rangers,2026-09-09T19:00:00.000Z,18,bet365,home,3.2,2026-09-07T22:16:07.542Z,True
2026-09-08T15:50:20Z,id1000001872339808,Charlton Athletic,Queens Park Rangers,2026-09-09T19:00:00.000Z,18,bet365,draw,3.25,2026-09-07T04:30:19.605Z,True
2026-09-08T15:50:20Z,id1000001872339808,Charlton Athletic,Queens Park Rangers,2026-09-09T19:00:00.000Z,18,bet365,away,2.25,2026-09-08T14:22:26.797Z,True
2026-09-08T15:50:20Z,id1000000774165892,Fenerbahce Istanbul,AS Roma,2026-09-10T16:45:00.000Z,7,bet365,home,3.3,2026-09-08T14:18:24.280Z,True
2026-09-08T15:50:20Z,id1000000774165892,Fenerbahce Istanbul,AS Roma,2026-09-10T16:45:00.000Z,7,bet365,draw,3.5,2026-09-08T14:18:24.280Z,True
2026-09-08T15:50:20Z,id1000000774165892,Fenerbahce Istanbul,AS Roma,2026-09-10T16:45:00.000Z,7,bet365,away,2.1,2026-09-08T14:18:24.280Z,True
2026-09-08T15:50:20Z,id1000000774165894,PSV Eindhoven,FC Shakhtar Donetsk,2026-09-10T16:45:00.000Z,7,bet365,home,1.41,2026-09-08T14:18:43.189Z,True
2026-09-08T15:50:20Z,id1000000774165894,PSV Eindhoven,FC Shakhtar Donetsk,2026-09-10T16:45:00.000Z,7,bet365,draw,4.75,2026-09-08T14:18:43.189Z,True
2026-09-08T15:50:20Z,id1000000774165894,PSV Eindhoven,FC Shakhtar Donetsk,2026-09-10T16:45:00.000Z,7,bet365,away,6.5,2026-09-08T14:18:43.189Z,True
2026-09-08T15:50:20Z,id1000000774165896,Como 1907,RB Leipzig,2026-09-10T19:00:00.000Z,7,bet365,home,1.79,2026-09-08T10:03:50.405Z,True
2026-09-08T15:50:20Z,id1000000774165896,Como 1907,RB Leipzig,2026-09-10T19:00:00.000Z,7,bet365,draw,4.0,2026-09-08T10:03:50.405Z,True
2026-09-08T15:50:20Z,id1000000774165896,Como 1907,RB Leipzig,2026-09-10T19:00:00.000Z,7,bet365,away,3.9,2026-09-08T10:03:50.405Z,True
2026-09-08T15:50:20Z,id1000000774165898,Bayern Munich,Bodoe/Glimt,2026-09-10T19:00:00.000Z,7,bet365,home,1.091,2026-09-08T04:53:16.468Z,True
2026-09-08T15:50:20Z,id1000000774165898,Bayern Munich,Bodoe/Glimt,2026-09-10T19:00:00.000Z,7,bet365,draw,9.5,2026-09-07T23:40:23.262Z,True
2026-09-08T15:50:20Z,id1000000774165898,Bayern Munich,Bodoe/Glimt,2026-09-10T19:00:00.000Z,7,bet365,away,21.0,2026-09-07T23:40:23.262Z,True
2026-09-08T15:50:20Z,id1000000774165900,Manchester United,Sabah Masazir,2026-09-10T19:00:00.000Z,7,bet365,home,1.091,2026-09-08T14:18:55.017Z,True
2026-09-08T15:50:20Z,id1000000774165900,Manchester United,Sabah Masazir,2026-09-10T19:00:00.000Z,7,bet365,draw,9.0,2026-09-07T23:17:39.219Z,True
2026-09-08T15:50:20Z,id1000000774165900,Manchester United,Sabah Masazir,2026-09-10T19:00:00.000Z,7,bet365,away,21.0,2026-09-07T23:17:39.219Z,True
2026-09-08T15:50:20Z,id1000000774165902,Slavia Prague,Racing Club De Lens,2026-09-10T19:00:00.000Z,7,bet365,home,2.45,2026-09-08T14:18:36.532Z,True
2026-09-08T15:50:20Z,id1000000774165902,Slavia Prague,Racing Club De Lens,2026-09-10T19:00:00.000Z,7,bet365,draw,3.5,2026-09-08T14:18:36.532Z,True
2026-09-08T15:50:20Z,id1000000774165902,Slavia Prague,Racing Club De Lens,2026-09-10T19:00:00.000Z,7,bet365,away,2.65,2026-09-08T14:18:36.532Z,True
2026-09-08T15:50:20Z,id1000000872478562,Sevilla FC,Valencia CF,2026-09-11T19:00:00.000Z,8,bet365,home,2.15,2026-09-08T14:18:23.217Z,True
2026-09-08T15:50:20Z,id1000000872478562,Sevilla FC,Valencia CF,2026-09-11T19:00:00.000Z,8,bet365,draw,3.2,2026-09-08T14:18:23.217Z,True
2026-09-08T15:50:20Z,id1000000872478562,Sevilla FC,Valencia CF,2026-09-11T19:00:00.000Z,8,bet365,away,3.4,2026-09-08T14:18:23.217Z,True
2026-09-08T15:50:20Z,id1000001872339838,West Ham United,Wrexham AFC,2026-09-11T19:00:00.000Z,18,bet365,home,1.49,2026-09-06T16:18:00.542Z,True
2026-09-08T15:50:20Z,id1000001872339838,West Ham United,Wrexham AFC,2026-09-11T19:00:00.000Z,18,bet365,draw,4.0,2026-09-06T16:18:00.542Z,True
2026-09-08T15:50:20Z,id1000001872339838,West Ham United,Wrexham AFC,2026-09-11T19:00:00.000Z,18,bet365,away,5.25,2026-09-06T16:18:00.542Z,True
2026-09-08T15:50:20Z,id1000032566887012,Coritiba FC PR,CA Paranaense PR,2026-09-12T00:00:00.000Z,325,bet365,home,2.55,2026-09-08T03:53:06.575Z,True
2026-09-08T15:50:20Z,id1000032566887012,Coritiba FC PR,CA Paranaense PR,2026-09-12T00:00:00.000Z,325,bet365,draw,3.0,2026-09-04T09:24:53.617Z,True
2026-09-08T15:50:20Z,id1000032566887012,Coritiba FC PR,CA Paranaense PR,2026-09-12T00:00:00.000Z,325,bet365,away,2.82,2026-09-08T03:53:06.575Z,True
2026-09-08T15:50:20Z,id1000001872339818,Bolton Wanderers,Cardiff City,2026-09-12T11:30:00.000Z,18,bet365,home,2.57,2026-09-08T15:23:53.982Z,True
2026-09-08T15:50:20Z,id1000001872339818,Bolton Wanderers,Cardiff City,2026-09-12T11:30:00.000Z,18,bet365,draw,3.4,2026-09-06T16:17:52.991Z,True
2026-09-08T15:50:20Z,id1000001872339818,Bolton Wanderers,Cardiff City,2026-09-12T11:30:00.000Z,18,bet365,away,2.4,2026-09-08T15:23:53.982Z,True
2026-09-08T15:50:20Z,id1000001872339822,Derby County,Birmingham City,2026-09-12T11:30:00.000Z,18,bet365,home,3.1,2026-09-06T16:17:54.374Z,True
2026-09-08T15:50:20Z,id1000001872339822,Derby County,Birmingham City,2026-09-12T11:30:00.000Z,18,bet365,draw,3.25,2026-09-06T16:17:54.374Z,True
2026-09-08T15:50:20Z,id1000001872339822,Derby County,Birmingham City,2026-09-12T11:30:00.000Z,18,bet365,away,2.15,2026-09-08T09:49:51.718Z,True
2026-09-08T15:50:20Z,id1000001872339836,West Bromwich Albion,Queens Park Rangers,2026-09-12T11:30:00.000Z,18,bet365,home,1.86,2026-09-08T02:35:36.756Z,True
2026-09-08T15:50:20Z,id1000001872339836,West Bromwich Albion,Queens Park Rangers,2026-09-12T11:30:00.000Z,18,bet365,draw,3.5,2026-09-06T16:17:59.792Z,True
2026-09-08T15:50:20Z,id1000001872339836,West Bromwich Albion,Queens Park Rangers,2026-09-12T11:30:00.000Z,18,bet365,away,3.6,2026-09-06T16:17:59.792Z,True
2026-09-08T15:50:20Z,id1000001772221252,Aston Villa,Nottingham Forest,2026-09-12T14:00:00.000Z,17,bet365,home,2.1,2026-09-07T23:40:49.202Z,True
2026-09-08T15:50:20Z,id1000001772221252,Aston Villa,Nottingham Forest,2026-09-12T14:00:00.000Z,17,bet365,draw,3.4,2026-09-07T23:40:49.202Z,True
2026-09-08T15:50:20Z,id1000001772221252,Aston Villa,Nottingham Forest,2026-09-12T14:00:00.000Z,17,bet365,away,3.3,2026-09-07T23:40:49.202Z,True
2026-09-08T15:50:20Z,id1000001772221254,AFC Bournemouth,Brentford FC,2026-09-12T14:00:00.000Z,17,bet365,home,2.35,2026-09-08T03:28:13.089Z,True
2026-09-08T15:50:20Z,id1000001772221254,AFC Bournemouth,Brentford FC,2026-09-12T14:00:00.000Z,17,bet365,draw,3.4,2026-09-07T23:40:05.609Z,True
2026-09-08T15:50:20Z,id1000001772221254,AFC Bournemouth,Brentford FC,2026-09-12T14:00:00.000Z,17,bet365,away,2.57,2026-09-08T03:28:13.089Z,True
2026-09-08T15:50:20Z,id1000001772221256,Chelsea FC,Hull City,2026-09-12T14:00:00.000Z,17,bet365,home,1.19,2026-09-08T14:21:48.547Z,True
2026-09-08T15:50:20Z,id1000001772221256,Chelsea FC,Hull City,2026-09-12T14:00:00.000Z,17,bet365,draw,6.0,2026-09-08T14:28:26.763Z,True
2026-09-08T15:50:20Z,id1000001772221256,Chelsea FC,Hull City,2026-09-12T14:00:00.000Z,17,bet365,away,11.0,2026-09-08T14:28:26.763Z,True
2026-09-08T15:50:20Z,id1000001772221260,Crystal Palace,Ipswich Town,2026-09-12T14:00:00.000Z,17,bet365,home,1.79,2026-09-08T14:24:57.378Z,True
2026-09-08T15:50:20Z,id1000001772221260,Crystal Palace,Ipswich Town,2026-09-12T14:00:00.000Z,17,bet365,draw,3.5,2026-09-08T14:18:18.705Z,True
2026-09-08T15:50:20Z,id1000001772221260,Crystal Palace,Ipswich Town,2026-09-12T14:00:00.000Z,17,bet365,away,3.9,2026-09-08T14:18:18.705Z,True
2026-09-08T15:50:20Z,id1000001772221264,Liverpool FC,Fulham FC,2026-09-12T14:00:00.000Z,17,bet365,home,1.39,2026-09-08T14:18:35.497Z,True
2026-09-08T15:50:20Z,id1000001772221264,Liverpool FC,Fulham FC,2026-09-12T14:00:00.000Z,17,bet365,draw,5.0,2026-09-08T14:18:35.497Z,True
2026-09-08T15:50:20Z,id1000001772221264,Liverpool FC,Fulham FC,2026-09-12T14:00:00.000Z,17,bet365,away,6.0,2026-09-08T14:18:35.497Z,True
2026-09-08T15:50:20Z,id1000001872339816,Blackburn Rovers,Millwall FC,2026-09-12T14:00:00.000Z,18,bet365,home,2.82,2026-09-08T12:07:15.411Z,True
2026-09-08T15:50:20Z,id1000001872339816,Blackburn Rovers,Millwall FC,2026-09-12T14:00:00.000Z,18,bet365,draw,3.25,2026-09-06T16:17:52.279Z,True
2026-09-08T15:50:20Z,id1000001872339816,Blackburn Rovers,Millwall FC,2026-09-12T14:00:00.000Z,18,bet365,away,2.3,2026-09-08T12:07:15.411Z,True
2026-09-08T15:50:20Z,id1000001872339820,Charlton Athletic,Portsmouth FC,2026-09-12T14:00:00.000Z,18,bet365,home,2.45,2026-09-08T14:45:53.327Z,True
2026-09-08T15:50:20Z,id1000001872339820,Charlton Athletic,Portsmouth FC,2026-09-12T14:00:00.000Z,18,bet365,draw,3.1,2026-09-06T16:17:53.669Z,True
2026-09-08T15:50:20Z,id1000001872339820,Charlton Athletic,Portsmouth FC,2026-09-12T14:00:00.000Z,18,bet365,away,2.65,2026-09-08T14:45:53.327Z,True
2026-09-08T15:50:20Z,id1000001872339824,Middlesbrough FC,Norwich City,2026-09-12T14:00:00.000Z,18,bet365,home,1.71,2026-09-08T15:45:03.387Z,True
2026-09-08T15:50:20Z,id1000001872339824,Middlesbrough FC,Norwich City,2026-09-12T14:00:00.000Z,18,bet365,draw,3.75,2026-09-06T16:17:55.216Z,True
2026-09-08T15:50:20Z,id1000001872339824,Middlesbrough FC,Norwich City,2026-09-12T14:00:00.000Z,18,bet365,away,4.0,2026-09-06T16:17:55.216Z,True
2026-09-08T15:50:20Z,id1000001872339826,Preston North End,Lincoln City,2026-09-12T14:00:00.000Z,18,bet365,home,2.2,2026-09-08T14:52:10.865Z,True
2026-09-08T15:50:20Z,id1000001872339826,Preston North End,Lincoln City,2026-09-12T14:00:00.000Z,18,bet365,draw,3.3,2026-09-06T16:17:55.923Z,True
2026-09-08T15:50:20Z,id1000001872339826,Preston North End,Lincoln City,2026-09-12T14:00:00.000Z,18,bet365,away,2.82,2026-09-08T14:52:10.865Z,True
2026-09-08T15:50:20Z,id1000001872339830,Southampton FC,Bristol City,2026-09-12T14:00:00.000Z,18,bet365,home,1.56,2026-09-08T15:24:03.560Z,True
2026-09-08T15:50:20Z,id1000001872339830,Southampton FC,Bristol City,2026-09-12T14:00:00.000Z,18,bet365,draw,3.9,2026-09-06T16:17:57.472Z,True
2026-09-08T15:50:20Z,id1000001872339830,Southampton FC,Bristol City,2026-09-12T14:00:00.000Z,18,bet365,away,5.0,2026-09-06T16:17:57.472Z,True
2026-09-08T15:50:20Z,id1000001872339832,Swansea City,Burnley FC,2026-09-12T14:00:00.000Z,18,bet365,home,2.1,2026-09-07T13:44:07.896Z,True
2026-09-08T15:50:20Z,id1000001872339832,Swansea City,Burnley FC,2026-09-12T14:00:00.000Z,18,bet365,draw,3.3,2026-09-06T16:17:58.215Z,True
2026-09-08T15:50:20Z,id1000001872339832,Swansea City,Burnley FC,2026-09-12T14:00:00.000Z,18,bet365,away,3.0,2026-09-06T16:17:58.215Z,True
2026-09-08T15:50:20Z,id1000001872339834,Watford FC,Stoke City,2026-09-12T14:00:00.000Z,18,bet365,home,2.45,2026-09-08T12:18:53.901Z,True
2026-09-08T15:50:20Z,id1000001872339834,Watford FC,Stoke City,2026-09-12T14:00:00.000Z,18,bet365,draw,3.2,2026-09-06T16:17:59.014Z,True
2026-09-08T15:50:20Z,id1000001872339834,Watford FC,Stoke City,2026-09-12T14:00:00.000Z,18,bet365,away,2.65,2026-09-08T12:18:53.901Z,True
2026-09-08T15:50:20Z,id1000000872478554,CA Osasuna,Espanyol Barcelona,2026-09-12T14:15:00.000Z,8,bet365,home,1.91,2026-09-08T14:57:10.309Z,True
2026-09-08T15:50:20Z,id1000000872478554,CA Osasuna,Espanyol Barcelona,2026-09-12T14:15:00.000Z,8,bet365,draw,3.25,2026-09-08T14:18:19.618Z,True
2026-09-08T15:50:20Z,id1000000872478554,CA Osasuna,Espanyol Barcelona,2026-09-12T14:15:00.000Z,8,bet365,away,3.7,2026-09-08T14:18:19.618Z,True
2026-09-08T15:50:20Z,id1000000872478546,Athletic Bilbao,Elche CF,2026-09-12T16:30:00.000Z,8,bet365,home,1.37,2026-09-08T14:40:17.392Z,True
2026-09-08T15:50:20Z,id1000000872478546,Athletic Bilbao,Elche CF,2026-09-12T16:30:00.000Z,8,bet365,draw,4.5,2026-09-08T00:17:00.233Z,True
2026-09-08T15:50:20Z,id1000000872478546,Athletic Bilbao,Elche CF,2026-09-12T16:30:00.000Z,8,bet365,away,7.0,2026-09-07T23:48:06.653Z,True
2026-09-08T15:50:20Z,id1000001772221270,Tottenham Hotspur,Everton FC,2026-09-12T16:30:00.000Z,17,bet365,home,1.91,2026-09-08T14:31:39.798Z,True
2026-09-08T15:50:20Z,id1000001772221270,Tottenham Hotspur,Everton FC,2026-09-12T16:30:00.000Z,17,bet365,draw,3.4,2026-09-08T14:18:28.310Z,True
2026-09-08T15:50:20Z,id1000001772221270,Tottenham Hotspur,Everton FC,2026-09-12T16:30:00.000Z,17,bet365,away,3.7,2026-09-08T14:18:28.310Z,True
2026-09-08T15:50:20Z,id1000001772221268,Sunderland AFC,Arsenal FC,2026-09-12T19:00:00.000Z,17,bet365,home,7.0,2026-09-08T14:18:25.836Z,True
2026-09-08T15:50:20Z,id1000001772221268,Sunderland AFC,Arsenal FC,2026-09-12T19:00:00.000Z,17,bet365,draw,4.0,2026-09-08T14:18:25.836Z,True
2026-09-08T15:50:20Z,id1000001772221268,Sunderland AFC,Arsenal FC,2026-09-12T19:00:00.000Z,17,bet365,away,1.42,2026-09-08T14:31:37.467Z,True
2026-09-08T15:50:20Z,id1000032566887008,Atletico Mineiro MG,Fluminense FC RJ,2026-09-12T19:00:00.000Z,325,bet365,home,2.2,2026-09-08T10:32:41.064Z,True
2026-09-08T15:50:20Z,id1000032566887008,Atletico Mineiro MG,Fluminense FC RJ,2026-09-12T19:00:00.000Z,325,bet365,draw,3.2,2026-09-06T04:13:12.510Z,True
2026-09-08T15:50:20Z,id1000032566887008,Atletico Mineiro MG,Fluminense FC RJ,2026-09-12T19:00:00.000Z,325,bet365,away,3.3,2026-09-08T08:33:54.239Z,True
2026-09-08T15:50:20Z,id1000032566887010,Gremio FB Porto Alegrense RS,CR Vasco da Gama RJ,2026-09-12T19:00:00.000Z,325,bet365,home,2.25,2026-09-08T14:50:48.920Z,True
2026-09-08T15:50:20Z,id1000032566887010,Gremio FB Porto Alegrense RS,CR Vasco da Gama RJ,2026-09-12T19:00:00.000Z,325,bet365,draw,3.2,2026-09-08T01:44:45.851Z,True
2026-09-08T15:50:20Z,id1000032566887010,Gremio FB Porto Alegrense RS,CR Vasco da Gama RJ,2026-09-12T19:00:00.000Z,325,bet365,away,3.1,2026-09-08T08:33:19.926Z,True
2026-09-08T15:50:20Z,id1000032566887016,Chapecoense SC,SC Internacional RS,2026-09-12T20:00:00.000Z,325,bet365,home,3.3,2026-09-08T05:02:07.307Z,True
2026-09-08T15:50:20Z,id1000032566887016,Chapecoense SC,SC Internacional RS,2026-09-12T20:00:00.000Z,325,bet365,draw,3.25,2026-09-07T00:40:40.366Z,True
2026-09-08T15:50:20Z,id1000032566887016,Chapecoense SC,SC Internacional RS,2026-09-12T20:00:00.000Z,325,bet365,away,2.15,2026-09-08T14:12:57.517Z,True
2026-09-08T15:50:20Z,id1000032566887004,SE Palmeiras SP,Sao Paulo FC SP,2026-09-12T21:30:00.000Z,325,bet365,home,1.62,2026-09-07T16:13:44.814Z,True
2026-09-08T15:50:20Z,id1000032566887004,SE Palmeiras SP,Sao Paulo FC SP,2026-09-12T21:30:00.000Z,325,bet365,draw,3.7,2026-08-31T23:50:03.915Z,True
2026-09-08T15:50:20Z,id1000032566887004,SE Palmeiras SP,Sao Paulo FC SP,2026-09-12T21:30:00.000Z,325,bet365,away,4.75,2026-08-31T23:50:03.915Z,True
2026-09-08T15:50:20Z,id1000032566887000,Botafogo FR RJ,Red Bull Bragantino SP,2026-09-12T23:30:00.000Z,325,bet365,home,2.3,2026-09-08T08:30:16.203Z,True
2026-09-08T15:50:20Z,id1000032566887000,Botafogo FR RJ,Red Bull Bragantino SP,2026-09-12T23:30:00.000Z,325,bet365,draw,3.3,2026-09-07T13:48:10.991Z,True
2026-09-08T15:50:20Z,id1000032566887000,Botafogo FR RJ,Red Bull Bragantino SP,2026-09-12T23:30:00.000Z,325,bet365,away,3.0,2026-09-08T08:30:16.203Z,True
2026-09-08T15:50:20Z,id1000032566887002,Santos FC SP,Cruzeiro EC MG,2026-09-13T00:00:00.000Z,325,bet365,home,2.5,2026-09-08T08:09:17.061Z,True
2026-09-08T15:50:20Z,id1000032566887002,Santos FC SP,Cruzeiro EC MG,2026-09-13T00:00:00.000Z,325,bet365,draw,3.25,2026-09-06T04:06:18.586Z,True
2026-09-08T15:50:20Z,id1000032566887002,Santos FC SP,Cruzeiro EC MG,2026-09-13T00:00:00.000Z,325,bet365,away,2.65,2026-09-08T08:09:17.061Z,True
2026-09-08T15:50:20Z,id1000000872478558,Real Madrid,Rayo Vallecano,2026-09-13T07:00:00.000Z,8,bet365,home,1.1,2026-09-08T14:25:56.881Z,True
2026-09-08T15:50:20Z,id1000000872478558,Real Madrid,Rayo Vallecano,2026-09-13T07:00:00.000Z,8,bet365,draw,8.5,2026-09-07T23:19:12.620Z,True
2026-09-08T15:50:20Z,id1000000872478558,Real Madrid,Rayo Vallecano,2026-09-13T07:00:00.000Z,8,bet365,away,15.0,2026-09-07T23:19:12.620Z,True
2026-09-08T15:50:20Z,id1000001872339828,Sheffield United,Wolverhampton Wanderers,2026-09-13T11:00:00.000Z,18,bet365,home,2.85,2026-09-08T13:16:00.580Z,True
2026-09-08T15:50:20Z,id1000001872339828,Sheffield United,Wolverhampton Wanderers,2026-09-13T11:00:00.000Z,18,bet365,draw,3.4,2026-09-06T16:17:56.698Z,True
2026-09-08T15:50:20Z,id1000001872339828,Sheffield United,Wolverhampton Wanderers,2026-09-13T11:00:00.000Z,18,bet365,away,2.15,2026-09-08T13:16:00.580Z,True
2026-09-08T15:50:20Z,id1000000872478548,RC Celta de Vigo,Malaga CF,2026-09-13T12:00:00.000Z,8,bet365,home,1.62,2026-09-08T07:27:23.124Z,True
2026-09-08T15:50:20Z,id1000000872478548,RC Celta de Vigo,Malaga CF,2026-09-13T12:00:00.000Z,8,bet365,draw,3.5,2026-09-07T23:39:46.439Z,True
2026-09-08T15:50:20Z,id1000000872478548,RC Celta de Vigo,Malaga CF,2026-09-13T12:00:00.000Z,8,bet365,away,5.0,2026-09-07T23:39:46.439Z,True
2026-09-08T15:50:20Z,id1000001772221258,Coventry City,Brighton & Hove Albion,2026-09-13T13:00:00.000Z,17,bet365,home,4.2,2026-09-07T23:39:39.406Z,True
2026-09-08T15:50:20Z,id1000001772221258,Coventry City,Brighton & Hove Albion,2026-09-13T13:00:00.000Z,17,bet365,draw,3.7,2026-09-07T23:39:39.406Z,True
2026-09-08T15:50:20Z,id1000001772221258,Coventry City,Brighton & Hove Albion,2026-09-13T13:00:00.000Z,17,bet365,away,1.71,2026-09-07T23:39:39.406Z,True
2026-09-08T15:50:20Z,id1000000872478552,Levante UD,FC Barcelona,2026-09-13T14:15:00.000Z,8,bet365,home,10.0,2026-09-07T23:40:55.021Z,True
2026-09-08T15:50:20Z,id1000000872478552,Levante UD,FC Barcelona,2026-09-13T14:15:00.000Z,8,bet365,draw,7.5,2026-09-07T23:40:55.021Z,True
2026-09-08T15:50:20Z,id1000000872478552,Levante UD,FC Barcelona,2026-09-13T14:15:00.000Z,8,bet365,away,1.17,2026-09-07T23:40:55.021Z,True
2026-09-08T15:50:20Z,id1000001772221266,Manchester United,Manchester City,2026-09-13T15:30:00.000Z,17,bet365,home,3.1,2026-09-08T14:18:46.608Z,True
2026-09-08T15:50:20Z,id1000001772221266,Manchester United,Manchester City,2026-09-13T15:30:00.000Z,17,bet365,draw,3.6,2026-09-08T14:18:46.608Z,True
2026-09-08T15:50:20Z,id1000001772221266,Manchester United,Manchester City,2026-09-13T15:30:00.000Z,17,bet365,away,2.05,2026-09-08T14:18:46.608Z,True
2026-09-08T15:50:20Z,id1000000872478550,Getafe CF,RC Deportivo de A Coruna,2026-09-13T16:30:00.000Z,8,bet365,home,2.25,2026-09-08T14:18:09.836Z,True
2026-09-08T15:50:20Z,id1000000872478550,Getafe CF,RC Deportivo de A Coruna,2026-09-13T16:30:00.000Z,8,bet365,draw,2.82,2026-09-08T14:18:09.836Z,True
2026-09-08T15:50:20Z,id1000000872478550,Getafe CF,RC Deportivo de A Coruna,2026-09-13T16:30:00.000Z,8,bet365,away,3.5,2026-09-08T14:18:09.836Z,True
2026-09-08T15:50:20Z,id1000000872478556,Racing Santander,Deportivo Alaves,2026-09-13T19:00:00.000Z,8,bet365,home,2.32,2026-09-08T08:35:12.894Z,True
2026-09-08T15:50:20Z,id1000000872478556,Racing Santander,Deportivo Alaves,2026-09-13T19:00:00.000Z,8,bet365,draw,3.4,2026-09-07T23:39:32.042Z,True
2026-09-08T15:50:20Z,id1000000872478556,Racing Santander,Deportivo Alaves,2026-09-13T19:00:00.000Z,8,bet365,away,2.7,2026-09-08T08:35:12.894Z,True
2026-09-08T15:50:20Z,id1000000872478560,Real Sociedad San Sebastian,Atletico Madrid,2026-09-13T19:00:00.000Z,8,bet365,home,2.7,2026-09-08T05:03:19.274Z,True
2026-09-08T15:50:20Z,id1000000872478560,Real Sociedad San Sebastian,Atletico Madrid,2026-09-13T19:00:00.000Z,8,bet365,draw,3.5,2026-09-07T23:39:45.616Z,True
2026-09-08T15:50:20Z,id1000000872478560,Real Sociedad San Sebastian,Atletico Madrid,2026-09-13T19:00:00.000Z,8,bet365,away,2.2,2026-09-08T05:03:19.274Z,True
2026-09-08T15:50:20Z,id1000032566887006,Mirassol FC SP,EC Vitoria BA,2026-09-13T19:00:00.000Z,325,bet365,home,1.71,2026-09-08T14:45:45.928Z,True
2026-09-08T15:50:20Z,id1000032566887006,Mirassol FC SP,EC Vitoria BA,2026-09-13T19:00:00.000Z,325,bet365,draw,3.5,2026-09-08T08:29:28.144Z,True
2026-09-08T15:50:20Z,id1000032566887006,Mirassol FC SP,EC Vitoria BA,2026-09-13T19:00:00.000Z,325,bet365,away,4.75,2026-09-08T08:29:28.144Z,True
2026-09-08T15:50:20Z,id1000032566886998,CR Flamengo RJ,SC Corinthians SP,2026-09-13T20:30:00.000Z,325,bet365,home,1.39,2026-09-08T10:38:13.396Z,True
2026-09-08T15:50:20Z,id1000032566886998,CR Flamengo RJ,SC Corinthians SP,2026-09-13T20:30:00.000Z,325,bet365,draw,4.2,2026-09-08T08:08:41.772Z,True
2026-09-08T15:50:20Z,id1000032566886998,CR Flamengo RJ,SC Corinthians SP,2026-09-13T20:30:00.000Z,325,bet365,away,8.0,2026-09-08T08:08:41.772Z,True
2026-09-08T15:50:20Z,id1000000872478564,Villarreal CF,Real Betis Seville,2026-09-14T19:00:00.000Z,8,bet365,home,1.86,2026-09-07T23:40:25.540Z,True
2026-09-08T15:50:20Z,id1000000872478564,Villarreal CF,Real Betis Seville,2026-09-14T19:00:00.000Z,8,bet365,draw,3.7,2026-09-07T23:40:25.540Z,True
2026-09-08T15:50:20Z,id1000000872478564,Villarreal CF,Real Betis Seville,2026-09-14T19:00:00.000Z,8,bet365,away,3.7,2026-09-07T23:40:25.540Z,True
2026-09-08T15:50:20Z,id1000001772221262,Leeds United,Newcastle United,2026-09-14T19:00:00.000Z,17,bet365,home,2.25,2026-09-08T14:32:20.882Z,True
2026-09-08T15:50:20Z,id1000001772221262,Leeds United,Newcastle United,2026-09-14T19:00:00.000Z,17,bet365,draw,3.4,2026-09-07T23:39:36.528Z,True
2026-09-08T15:50:20Z,id1000001772221262,Leeds United,Newcastle United,2026-09-14T19:00:00.000Z,17,bet365,away,2.75,2026-09-08T14:32:20.882Z,True
2026-09-08T15:50:20Z,id1000032566887014,EC Bahia BA,Clube do Remo PA,2026-09-14T23:00:00.000Z,325,bet365,home,1.42,2026-09-08T12:27:02.519Z,True
2026-09-08T15:50:20Z,id1000032566887014,EC Bahia BA,Clube do Remo PA,2026-09-14T23:00:00.000Z,325,bet365,draw,4.2,2026-09-07T13:45:38.189Z,True
2026-09-08T15:50:20Z,id1000032566887014,EC Bahia BA,Clube do Remo PA,2026-09-14T23:00:00.000Z,325,bet365,away,7.0,2026-09-08T08:31:50.496Z,True
2026-09-08T15:50:20Z,id1000000872478582,Rayo Vallecano,Espanyol Barcelona,2026-09-15T17:00:00.000Z,8,bet365,home,1.86,2026-09-08T15:11:05.086Z,True
2026-09-08T15:50:20Z,id1000000872478582,Rayo Vallecano,Espanyol Barcelona,2026-09-15T17:00:00.000Z,8,bet365,draw,3.4,2026-09-07T23:21:10.695Z,True
2026-09-08T15:50:20Z,id1000000872478582,Rayo Vallecano,Espanyol Barcelona,2026-09-15T17:00:00.000Z,8,bet365,away,3.8,2026-09-07T23:21:10.695Z,True
2026-09-08T15:50:20Z,id1000000872478566,Deportivo Alaves,Valencia CF,2026-09-15T18:00:00.000Z,8,bet365,home,2.15,2026-09-08T14:42:17.141Z,True
2026-09-08T15:50:20Z,id1000000872478566,Deportivo Alaves,Valencia CF,2026-09-15T18:00:00.000Z,8,bet365,draw,3.1,2026-09-07T23:21:17.258Z,True
2026-09-08T15:50:20Z,id1000000872478566,Deportivo Alaves,Valencia CF,2026-09-15T18:00:00.000Z,8,bet365,away,3.4,2026-09-07T23:21:17.258Z,True
2026-09-08T15:50:20Z,id1000000872478574,Elche CF,Real Madrid,2026-09-15T19:30:00.000Z,8,bet365,home,9.5,2026-09-08T07:22:50.831Z,True
2026-09-08T15:50:20Z,id1000000872478574,Elche CF,Real Madrid,2026-09-15T19:30:00.000Z,8,bet365,draw,5.25,2026-09-07T23:40:33.579Z,True
2026-09-08T15:50:20Z,id1000000872478574,Elche CF,Real Madrid,2026-09-15T19:30:00.000Z,8,bet365,away,1.24,2026-09-08T15:40:48.772Z,True
2026-09-08T15:50:20Z,id1000000872478568,Atletico Madrid,CA Osasuna,2026-09-16T17:00:00.000Z,8,bet365,home,1.48,2026-09-08T13:06:36.424Z,True
2026-09-08T15:50:20Z,id1000000872478568,Atletico Madrid,CA Osasuna,2026-09-16T17:00:00.000Z,8,bet365,draw,4.0,2026-09-07T23:40:12.101Z,True
2026-09-08T15:50:20Z,id1000000872478568,Atletico Madrid,CA Osasuna,2026-09-16T17:00:00.000Z,8,bet365,away,6.5,2026-09-07T23:40:12.101Z,True
2026-09-08T15:50:20Z,id1000000872478572,RC Deportivo de A Coruna,Sevilla FC,2026-09-16T17:00:00.000Z,8,bet365,home,2.45,2026-09-08T14:43:08.698Z,True
2026-09-08T15:50:20Z,id1000000872478572,RC Deportivo de A Coruna,Sevilla FC,2026-09-16T17:00:00.000Z,8,bet365,draw,3.1,2026-09-07T23:17:49.280Z,True
2026-09-08T15:50:20Z,id1000000872478572,RC Deportivo de A Coruna,Sevilla FC,2026-09-16T17:00:00.000Z,8,bet365,away,2.75,2026-09-08T14:43:08.698Z,True
2026-09-08T15:50:20Z,id1000000872478576,FC Barcelona,Racing Santander,2026-09-16T19:30:00.000Z,8,bet365,home,1.068,2026-09-08T14:23:46.288Z,True
2026-09-08T15:50:20Z,id1000000872478576,FC Barcelona,Racing Santander,2026-09-16T19:30:00.000Z,8,bet365,draw,10.0,2026-09-07T23:40:18.458Z,True
2026-09-08T15:50:20Z,id1000000872478576,FC Barcelona,Racing Santander,2026-09-16T19:30:00.000Z,8,bet365,away,21.0,2026-09-07T23:40:18.458Z,True
2026-09-08T15:50:20Z,id1000000872478578,Levante UD,Athletic Bilbao,2026-09-16T19:30:00.000Z,8,bet365,home,3.1,2026-09-07T23:39:51.291Z,True
2026-09-08T15:50:20Z,id1000000872478578,Levante UD,Athletic Bilbao,2026-09-16T19:30:00.000Z,8,bet365,draw,3.4,2026-09-07T23:39:51.291Z,True
2026-09-08T15:50:20Z,id1000000872478578,Levante UD,Athletic Bilbao,2026-09-16T19:30:00.000Z,8,bet365,away,2.2,2026-09-08T14:39:27.386Z,True
2026-09-08T15:50:20Z,id1000000872478570,Real Betis Seville,Getafe CF,2026-09-17T17:00:00.000Z,8,bet365,home,1.81,2026-09-08T11:32:36.199Z,True
2026-09-08T15:50:20Z,id1000000872478570,Real Betis Seville,Getafe CF,2026-09-17T17:00:00.000Z,8,bet365,draw,3.4,2026-09-07T23:39:40.204Z,True
2026-09-08T15:50:20Z,id1000000872478570,Real Betis Seville,Getafe CF,2026-09-17T17:00:00.000Z,8,bet365,away,4.2,2026-09-07T23:39:40.204Z,True
2026-09-08T15:50:20Z,id1000000872478580,Malaga CF,Villarreal CF,2026-09-17T19:30:00.000Z,8,bet365,home,3.4,2026-09-07T23:40:26.471Z,True
2026-09-08T15:50:20Z,id1000000872478580,Malaga CF,Villarreal CF,2026-09-17T19:30:00.000Z,8,bet365,draw,3.6,2026-09-07T23:40:26.471Z,True
2026-09-08T15:50:20Z,id1000000872478580,Malaga CF,Villarreal CF,2026-09-17T19:30:00.000Z,8,bet365,away,1.96,2026-09-08T12:50:45.806Z,True
2026-09-08T15:50:20Z,id1000001772221274,Brentford FC,Chelsea FC,2026-09-18T19:00:00.000Z,17,bet365,home,2.57,2026-09-08T15:03:11.656Z,True
2026-09-08T15:50:20Z,id1000001772221274,Brentford FC,Chelsea FC,2026-09-18T19:00:00.000Z,17,bet365,draw,3.6,2026-09-07T23:17:50.164Z,True
2026-09-08T15:50:20Z,id1000001772221274,Brentford FC,Chelsea FC,2026-09-18T19:00:00.000Z,17,bet365,away,2.35,2026-09-08T15:03:11.656Z,True
2026-09-08T15:50:20Z,id1000001772221290,Tottenham Hotspur,Aston Villa,2026-09-19T11:30:00.000Z,17,bet365,home,1.91,2026-09-08T14:39:09.912Z,True
2026-09-08T15:50:20Z,id1000001772221290,Tottenham Hotspur,Aston Villa,2026-09-19T11:30:00.000Z,17,bet365,draw,3.5,2026-09-07T23:39:33.136Z,True
2026-09-08T15:50:20Z,id1000001772221290,Tottenham Hotspur,Aston Villa,2026-09-19T11:30:00.000Z,17,bet365,away,3.7,2026-09-07T23:39:33.136Z,True
2026-09-08T15:50:20Z,id1000001772221276,Brighton & Hove Albion,Arsenal FC,2026-09-19T14:00:00.000Z,17,bet365,home,4.333,2026-09-07T23:41:00.293Z,True
2026-09-08T15:50:20Z,id1000001772221276,Brighton & Hove Albion,Arsenal FC,2026-09-19T14:00:00.000Z,17,bet365,draw,3.6,2026-09-07T23:41:00.293Z,True
2026-09-08T15:50:20Z,id1000001772221276,Brighton & Hove Albion,Arsenal FC,2026-09-19T14:00:00.000Z,17,bet365,away,1.71,2026-09-08T14:47:01.664Z,True
2026-09-08T15:50:20Z,id1000001772221278,Everton FC,Ipswich Town,2026-09-19T14:00:00.000Z,17,bet365,home,1.66,2026-09-08T14:32:17.227Z,True
2026-09-08T15:50:20Z,id1000001772221278,Everton FC,Ipswich Town,2026-09-19T14:00:00.000Z,17,bet365,draw,3.6,2026-09-07T23:19:58.336Z,True
2026-09-08T15:50:20Z,id1000001772221278,Everton FC,Ipswich Town,2026-09-19T14:00:00.000Z,17,bet365,away,4.5,2026-09-07T23:19:58.336Z,True
2026-09-08T15:50:20Z,id1000001772221286,Newcastle United,Hull City,2026-09-19T14:00:00.000Z,17,bet365,home,1.45,2026-09-08T14:40:31.487Z,True
2026-09-08T15:50:20Z,id1000001772221286,Newcastle United,Hull City,2026-09-19T14:00:00.000Z,17,bet365,draw,4.75,2026-09-07T23:41:00.988Z,True
2026-09-08T15:50:20Z,id1000001772221286,Newcastle United,Hull City,2026-09-19T14:00:00.000Z,17,bet365,away,5.75,2026-09-07T23:41:00.988Z,True
2026-09-08T15:50:20Z,id1000001772221288,Nottingham Forest,Coventry City,2026-09-19T16:30:00.000Z,17,bet365,home,1.71,2026-09-08T11:09:02.262Z,True
2026-09-08T15:50:20Z,id1000001772221288,Nottingham Forest,Coventry City,2026-09-19T16:30:00.000Z,17,bet365,draw,3.7,2026-09-07T23:40:53.451Z,True
2026-09-08T15:50:20Z,id1000001772221288,Nottingham Forest,Coventry City,2026-09-19T16:30:00.000Z,17,bet365,away,4.5,2026-09-07T23:40:53.451Z,True
2026-09-08T15:50:20Z,id1000032566887022,Sao Paulo FC SP,SC Internacional RS,2026-09-20T00:00:00.000Z,325,bet365,home,1.86,2026-09-08T04:45:08.312Z,True
2026-09-08T15:50:20Z,id1000032566887022,Sao Paulo FC SP,SC Internacional RS,2026-09-20T00:00:00.000Z,325,bet365,draw,3.3,2026-09-07T21:08:26.696Z,True
2026-09-08T15:50:20Z,id1000032566887022,Sao Paulo FC SP,SC Internacional RS,2026-09-20T00:00:00.000Z,325,bet365,away,3.8,2026-09-07T21:08:26.696Z,True
2026-09-08T15:50:20Z,id1000001772221272,AFC Bournemouth,Liverpool FC,2026-09-20T13:00:00.000Z,17,bet365,home,3.1,2026-09-07T23:40:59.258Z,True
2026-09-08T15:50:20Z,id1000001772221272,AFC Bournemouth,Liverpool FC,2026-09-20T13:00:00.000Z,17,bet365,draw,3.7,2026-09-07T23:40:59.258Z,True
2026-09-08T15:50:20Z,id1000001772221272,AFC Bournemouth,Liverpool FC,2026-09-20T13:00:00.000Z,17,bet365,away,2.01,2026-09-08T11:17:43.378Z,True
2026-09-08T15:50:20Z,id1000001772221284,Manchester City,Sunderland AFC,2026-09-20T13:00:00.000Z,17,bet365,home,1.22,2026-09-08T04:13:34.240Z,True
2026-09-08T15:50:20Z,id1000001772221284,Manchester City,Sunderland AFC,2026-09-20T13:00:00.000Z,17,bet365,draw,5.25,2026-09-07T23:40:10.377Z,True
2026-09-08T15:50:20Z,id1000001772221284,Manchester City,Sunderland AFC,2026-09-20T13:00:00.000Z,17,bet365,away,10.0,2026-09-07T23:40:10.377Z,True
2026-09-08T15:50:20Z,id1000032566887030,Gremio FB Porto Alegrense RS,SE Palmeiras SP,2026-09-20T14:00:00.000Z,325,bet365,home,3.3,2026-09-07T21:08:27.616Z,True
2026-09-08T15:50:20Z,id1000032566887030,Gremio FB Porto Alegrense RS,SE Palmeiras SP,2026-09-20T14:00:00.000Z,325,bet365,draw,3.3,2026-09-07T21:08:27.616Z,True
2026-09-08T15:50:20Z,id1000032566887030,Gremio FB Porto Alegrense RS,SE Palmeiras SP,2026-09-20T14:00:00.000Z,325,bet365,away,2.15,2026-09-08T15:25:02.129Z,True
2026-09-08T15:50:20Z,id1000001772221280,Fulham FC,Manchester United,2026-09-20T15:30:00.000Z,17,bet365,home,3.5,2026-09-07T23:35:14.210Z,True
2026-09-08T15:50:20Z,id1000001772221280,Fulham FC,Manchester United,2026-09-20T15:30:00.000Z,17,bet365,draw,3.7,2026-09-07T23:35:14.210Z,True
2026-09-08T15:50:20Z,id1000001772221280,Fulham FC,Manchester United,2026-09-20T15:30:00.000Z,17,bet365,away,1.95,2026-09-08T14:26:53.201Z,True
2026-09-08T15:50:20Z,id1000032566887024,SC Corinthians SP,Fluminense FC RJ,2026-09-20T19:00:00.000Z,325,bet365,home,2.25,2026-09-08T14:27:14.605Z,True
2026-09-08T15:50:20Z,id1000032566887024,SC Corinthians SP,Fluminense FC RJ,2026-09-20T19:00:00.000Z,325,bet365,draw,3.1,2026-09-07T21:08:27.157Z,True
2026-09-08T15:50:20Z,id1000032566887024,SC Corinthians SP,Fluminense FC RJ,2026-09-20T19:00:00.000Z,325,bet365,away,3.2,2026-09-07T21:08:27.157Z,True
2026-09-08T15:50:20Z,id1000032566887034,EC Vitoria BA,Cruzeiro EC MG,2026-09-20T19:00:00.000Z,325,bet365,home,2.65,2026-09-08T04:41:04.423Z,True
2026-09-08T15:50:20Z,id1000032566887034,EC Vitoria BA,Cruzeiro EC MG,2026-09-20T19:00:00.000Z,325,bet365,draw,3.2,2026-09-07T22:19:48.551Z,True
2026-09-08T15:50:20Z,id1000032566887034,EC Vitoria BA,Cruzeiro EC MG,2026-09-20T19:00:00.000Z,325,bet365,away,2.5,2026-09-08T04:41:04.423Z,True
2026-09-08T15:50:20Z,id1000032566887018,CR Flamengo RJ,Red Bull Bragantino SP,2026-09-20T21:30:00.000Z,325,bet365,home,1.35,2026-09-08T14:46:18.884Z,True
2026-09-08T15:50:20Z,id1000032566887018,CR Flamengo RJ,Red Bull Bragantino SP,2026-09-20T21:30:00.000Z,325,bet365,draw,4.5,2026-09-07T21:08:26.205Z,True
2026-09-08T15:50:20Z,id1000032566887018,CR Flamengo RJ,Red Bull Bragantino SP,2026-09-20T21:30:00.000Z,325,bet365,away,8.0,2026-09-07T21:08:26.205Z,True
2026-09-08T15:50:20Z,id1000032566887032,CA Paranaense PR,EC Bahia BA,2026-09-20T22:30:00.000Z,325,bet365,home,1.96,2026-09-08T12:11:49.981Z,True
2026-09-08T15:50:20Z,id1000032566887032,CA Paranaense PR,EC Bahia BA,2026-09-20T22:30:00.000Z,325,bet365,draw,3.3,2026-09-07T21:08:28.079Z,True
2026-09-08T15:50:20Z,id1000032566887032,CA Paranaense PR,EC Bahia BA,2026-09-20T22:30:00.000Z,325,bet365,away,3.75,2026-09-07T21:08:28.079Z,True
2026-09-08T15:50:20Z,id1000067974172914,FC Ararat-Armenia,Sparta Prague,2026-09-16T16:45:00.000Z,679,bet365,home,4.75,2026-09-04T09:09:27.479Z,True
2026-09-08T15:50:20Z,id1000067974172914,FC Ararat-Armenia,Sparta Prague,2026-09-16T16:45:00.000Z,679,bet365,draw,3.8,2026-09-04T09:09:27.479Z,True
2026-09-08T15:50:20Z,id1000067974172914,FC Ararat-Armenia,Sparta Prague,2026-09-16T16:45:00.000Z,679,bet365,away,1.57,2026-09-08T10:41:31.439Z,True
2026-09-08T15:50:20Z,id1000067974172916,AC Omonia Nicosia,RC Celta de Vigo,2026-09-16T16:45:00.000Z,679,bet365,home,4.1,2026-09-07T13:49:02.294Z,True
2026-09-08T15:50:20Z,id1000067974172916,AC Omonia Nicosia,RC Celta de Vigo,2026-09-16T16:45:00.000Z,679,bet365,draw,3.3,2026-09-08T14:21:57.831Z,True
2026-09-08T15:50:20Z,id1000067974172916,AC Omonia Nicosia,RC Celta de Vigo,2026-09-16T16:45:00.000Z,679,bet365,away,1.76,2026-09-08T14:57:37.193Z,True
2026-09-08T15:50:20Z,id1000067974172918,AC Milan,SL Benfica,2026-09-16T19:00:00.000Z,679,bet365,home,2.05,2026-09-08T14:48:40.393Z,True
2026-09-08T15:50:20Z,id1000067974172918,AC Milan,SL Benfica,2026-09-16T19:00:00.000Z,679,bet365,draw,3.4,2026-09-07T00:19:11.444Z,True
2026-09-08T15:50:20Z,id1000067974172918,AC Milan,SL Benfica,2026-09-16T19:00:00.000Z,679,bet365,away,3.2,2026-09-07T00:19:11.444Z,True
2026-09-08T15:50:20Z,id1000067974172920,Bayer Leverkusen,NK Celje,2026-09-16T19:00:00.000Z,679,bet365,home,1.15,2026-09-08T15:00:22.691Z,True
2026-09-08T15:50:20Z,id1000067974172920,Bayer Leverkusen,NK Celje,2026-09-16T19:00:00.000Z,679,bet365,draw,6.5,2026-09-04T09:10:31.719Z,True
2026-09-08T15:50:20Z,id1000067974172920,Bayer Leverkusen,NK Celje,2026-09-16T19:00:00.000Z,679,bet365,away,13.0,2026-09-04T09:10:31.719Z,True
2026-09-08T15:50:20Z,id1000067974172922,Hapoel Be`er Sheva FC,GNK Dinamo Zagreb,2026-09-16T19:00:00.000Z,679,bet365,home,3.6,2026-09-07T13:48:43.039Z,True
2026-09-08T15:50:20Z,id1000067974172922,Hapoel Be`er Sheva FC,GNK Dinamo Zagreb,2026-09-16T19:00:00.000Z,679,bet365,draw,3.4,2026-09-07T13:48:43.039Z,True
2026-09-08T15:50:20Z,id1000067974172922,Hapoel Be`er Sheva FC,GNK Dinamo Zagreb,2026-09-16T19:00:00.000Z,679,bet365,away,1.86,2026-09-08T14:39:53.385Z,True
2026-09-08T15:50:20Z,id1000067974172924,Olympiacos Piraeus,Jagiellonia Bialystok,2026-09-16T19:00:00.000Z,679,bet365,home,1.33,2026-09-08T03:08:55.192Z,True
2026-09-08T15:50:20Z,id1000067974172924,Olympiacos Piraeus,Jagiellonia Bialystok,2026-09-16T19:00:00.000Z,679,bet365,draw,4.333,2026-09-04T09:05:39.413Z,True
2026-09-08T15:50:20Z,id1000067974172924,Olympiacos Piraeus,Jagiellonia Bialystok,2026-09-16T19:00:00.000Z,679,bet365,away,7.5,2026-09-04T09:05:39.413Z,True
2026-09-08T15:50:20Z,id1000067974172926,RSC Anderlecht,Olympique Lyon,2026-09-16T19:00:00.000Z,679,bet365,home,3.5,2026-09-06T04:13:29.349Z,True
2026-09-08T15:50:20Z,id1000067974172926,RSC Anderlecht,Olympique Lyon,2026-09-16T19:00:00.000Z,679,bet365,draw,3.5,2026-09-06T04:13:29.349Z,True
2026-09-08T15:50:20Z,id1000067974172926,RSC Anderlecht,Olympique Lyon,2026-09-16T19:00:00.000Z,679,bet365,away,1.86,2026-09-07T23:40:08.347Z,True
2026-09-08T15:50:20Z,id1000067974172932,OFI Crete,TSG Hoffenheim,2026-09-17T16:45:00.000Z,679,bet365,home,7.0,2026-09-07T13:48:48.720Z,True
2026-09-08T15:50:20Z,id1000067974172932,OFI Crete,TSG Hoffenheim,2026-09-17T16:45:00.000Z,679,bet365,draw,4.1,2026-09-07T13:48:48.720Z,True
2026-09-08T15:50:20Z,id1000067974172932,OFI Crete,TSG Hoffenheim,2026-09-17T16:45:00.000Z,679,bet365,away,1.37,2026-09-08T08:37:50.548Z,True
2026-09-08T15:50:20Z,id1000067974172934,PFC Levski Sofia,FC Salzburg,2026-09-17T16:45:00.000Z,679,bet365,home,2.82,2026-09-08T11:46:09.984Z,True
2026-09-08T15:50:20Z,id1000067974172934,PFC Levski Sofia,FC Salzburg,2026-09-17T16:45:00.000Z,679,bet365,draw,3.4,2026-09-07T13:45:48.697Z,True
2026-09-08T15:50:20Z,id1000067974172934,PFC Levski Sofia,FC Salzburg,2026-09-17T16:45:00.000Z,679,bet365,away,2.15,2026-09-08T11:46:09.984Z,True
2026-09-08T15:50:20Z,id1000067974172936,Besiktas Istanbul,Olympique Marseille,2026-09-17T19:00:00.000Z,679,bet365,home,2.05,2026-09-08T14:47:38.648Z,True
2026-09-08T15:50:20Z,id1000067974172936,Besiktas Istanbul,Olympique Marseille,2026-09-17T19:00:00.000Z,679,bet365,draw,3.4,2026-09-04T09:10:29.236Z,True
2026-09-08T15:50:20Z,id1000067974172936,Besiktas Istanbul,Olympique Marseille,2026-09-17T19:00:00.000Z,679,bet365,away,3.1,2026-09-04T09:10:29.236Z,True
2026-09-08T15:50:20Z,id1000067974172938,Celtic Glasgow,Ferencvarosi Budapest,2026-09-17T19:00:00.000Z,679,bet365,home,1.61,2026-09-08T14:51:49.066Z,True
2026-09-08T15:50:20Z,id1000067974172938,Celtic Glasgow,Ferencvarosi Budapest,2026-09-17T19:00:00.000Z,679,bet365,draw,3.9,2026-09-07T13:48:02.716Z,True
2026-09-08T15:50:20Z,id1000067974172938,Celtic Glasgow,Ferencvarosi Budapest,2026-09-17T19:00:00.000Z,679,bet365,away,4.333,2026-09-07T13:48:02.716Z,True
2026-09-08T15:50:20Z,id1000067974172940,Crystal Palace,KKS Lech Poznan,2026-09-17T19:00:00.000Z,679,bet365,home,1.35,2026-09-07T18:48:29.475Z,True
2026-09-08T15:50:20Z,id1000067974172940,Crystal Palace,KKS Lech Poznan,2026-09-17T19:00:00.000Z,679,bet365,draw,4.333,2026-09-07T13:45:31.904Z,True
2026-09-08T15:50:20Z,id1000067974172940,Crystal Palace,KKS Lech Poznan,2026-09-17T19:00:00.000Z,679,bet365,away,7.0,2026-09-07T13:45:31.904Z,True
2026-09-08T15:50:20Z,id1000067974172942,FC Viktoria Plzen,Union Saint-Gilloise,2026-09-17T19:00:00.000Z,679,bet365,home,2.35,2026-09-08T15:05:56.056Z,True
2026-09-08T15:50:20Z,id1000067974172942,FC Viktoria Plzen,Union Saint-Gilloise,2026-09-17T19:00:00.000Z,679,bet365,draw,3.2,2026-09-04T09:10:31.077Z,True
2026-09-08T15:50:20Z,id1000067974172942,FC Viktoria Plzen,Union Saint-Gilloise,2026-09-17T19:00:00.000Z,679,bet365,away,2.7,2026-09-08T15:05:56.056Z,True
2026-09-08T15:50:20Z,id1000067974172944,Juventus Turin,NEC Nijmegen,2026-09-17T19:00:00.000Z,679,bet365,home,1.24,2026-09-08T02:19:53.193Z,True
2026-09-08T15:50:20Z,id1000067974172944,Juventus Turin,NEC Nijmegen,2026-09-17T19:00:00.000Z,679,bet365,draw,5.25,2026-09-06T04:12:53.957Z,True
2026-09-08T15:50:20Z,id1000067974172944,Juventus Turin,NEC Nijmegen,2026-09-17T19:00:00.000Z,679,bet365,away,9.0,2026-09-07T18:18:28.631Z,True
2026-09-08T15:50:20Z,id1000067974172946,Lillestroem SK,SCU Torreense,2026-09-17T19:00:00.000Z,679,bet365,home,1.45,2026-09-08T14:21:15.977Z,True
2026-09-08T15:50:20Z,id1000067974172946,Lillestroem SK,SCU Torreense,2026-09-17T19:00:00.000Z,679,bet365,draw,4.333,2026-09-06T04:04:53.039Z,True
2026-09-08T15:50:20Z,id1000067974172946,Lillestroem SK,SCU Torreense,2026-09-17T19:00:00.000Z,679,bet365,away,5.75,2026-09-06T04:04:53.039Z,True
2026-09-08T15:50:20Z,id1000067974172948,Real Sociedad San Sebastian,AFC Bournemouth,2026-09-17T19:00:00.000Z,679,bet365,home,2.57,2026-09-08T09:23:05.279Z,True
2026-09-08T15:50:20Z,id1000067974172948,Real Sociedad San Sebastian,AFC Bournemouth,2026-09-17T19:00:00.000Z,679,bet365,draw,3.4,2026-09-06T04:12:53.414Z,True
2026-09-08T15:50:20Z,id1000067974172948,Real Sociedad San Sebastian,AFC Bournemouth,2026-09-17T19:00:00.000Z,679,bet365,away,2.32,2026-09-08T09:23:05.279Z,True
2026-09-08T15:50:20Z,id1000000774165868,AEK Athens,LASK Linz,2026-09-08T16:45:00.000Z,7,paddypower,home,1.75,2026-09-08T10:28:50.038Z,True
2026-09-08T15:50:20Z,id1000000774165868,AEK Athens,LASK Linz,2026-09-08T16:45:00.000Z,7,paddypower,draw,4.2,2026-09-08T10:29:06.308Z,True
2026-09-08T15:50:20Z,id1000000774165868,AEK Athens,LASK Linz,2026-09-08T16:45:00.000Z,7,paddypower,away,4.6,2026-09-08T15:14:33.174Z,True
2026-09-08T15:50:20Z,id1000000774165870,Club Brugge,Aston Villa,2026-09-08T16:45:00.000Z,7,paddypower,home,2.7,2026-09-08T14:13:42.988Z,True
2026-09-08T15:50:20Z,id1000000774165870,Club Brugge,Aston Villa,2026-09-08T16:45:00.000Z,7,paddypower,draw,3.7,2026-09-08T10:01:06.243Z,True
2026-09-08T15:50:20Z,id1000000774165870,Club Brugge,Aston Villa,2026-09-08T16:45:00.000Z,7,paddypower,away,2.63,2026-09-08T15:43:38.969Z,True
2026-09-08T15:50:20Z,id1000001872339792,Blackburn Rovers,Sheffield United,2026-09-08T18:45:00.000Z,18,paddypower,home,3.0,2026-09-07T22:58:56.940Z,True
2026-09-08T15:50:20Z,id1000001872339792,Blackburn Rovers,Sheffield United,2026-09-08T18:45:00.000Z,18,paddypower,draw,3.5,2026-09-07T14:35:23.509Z,True
2026-09-08T15:50:20Z,id1000001872339792,Blackburn Rovers,Sheffield United,2026-09-08T18:45:00.000Z,18,paddypower,away,2.4,2026-09-07T14:11:54.203Z,True
2026-09-08T15:50:20Z,id1000001872339798,Cardiff City,Stoke City,2026-09-08T18:45:00.000Z,18,paddypower,home,2.1,2026-09-08T10:41:10.957Z,True
2026-09-08T15:50:20Z,id1000001872339798,Cardiff City,Stoke City,2026-09-08T18:45:00.000Z,18,paddypower,draw,3.7,2026-09-08T13:28:40.789Z,True
2026-09-08T15:50:20Z,id1000001872339798,Cardiff City,Stoke City,2026-09-08T18:45:00.000Z,18,paddypower,away,3.5,2026-09-08T10:41:10.957Z,True
2026-09-08T15:50:20Z,id1000001872339802,Southampton FC,Swansea City,2026-09-08T18:45:00.000Z,18,paddypower,home,1.85,2026-09-08T11:34:45.645Z,True
2026-09-08T15:50:20Z,id1000001872339802,Southampton FC,Swansea City,2026-09-08T18:45:00.000Z,18,paddypower,draw,3.8,2026-09-08T11:47:06.301Z,True
2026-09-08T15:50:20Z,id1000001872339802,Southampton FC,Swansea City,2026-09-08T18:45:00.000Z,18,paddypower,away,4.33,2026-09-08T11:47:06.301Z,True
2026-09-08T15:50:20Z,id1000001872339804,Watford FC,Preston North End,2026-09-08T18:45:00.000Z,18,paddypower,home,2.1,2026-09-08T13:19:57.390Z,True
2026-09-08T15:50:20Z,id1000001872339804,Watford FC,Preston North End,2026-09-08T18:45:00.000Z,18,paddypower,draw,3.5,2026-09-07T23:36:29.928Z,True
2026-09-08T15:50:20Z,id1000001872339804,Watford FC,Preston North End,2026-09-08T18:45:00.000Z,18,paddypower,away,3.6,2026-09-08T13:19:57.390Z,True
2026-09-08T15:50:20Z,id1000001872339814,Wrexham AFC,Burnley FC,2026-09-08T18:45:00.000Z,18,paddypower,home,2.05,2026-09-08T14:46:53.265Z,True
2026-09-08T15:50:20Z,id1000001872339814,Wrexham AFC,Burnley FC,2026-09-08T18:45:00.000Z,18,paddypower,draw,3.6,2026-09-08T14:46:53.265Z,True
2026-09-08T15:50:20Z,id1000001872339814,Wrexham AFC,Burnley FC,2026-09-08T18:45:00.000Z,18,paddypower,away,3.75,2026-09-08T14:46:53.265Z,True
2026-09-08T15:50:20Z,id1000000774165872,Borussia Dortmund,Villarreal CF,2026-09-08T19:00:00.000Z,7,paddypower,home,1.83,2026-09-08T14:56:03.513Z,True
2026-09-08T15:50:20Z,id1000000774165872,Borussia Dortmund,Villarreal CF,2026-09-08T19:00:00.000Z,7,paddypower,draw,4.2,2026-09-08T12:56:31.853Z,True
2026-09-08T15:50:20Z,id1000000774165872,Borussia Dortmund,Villarreal CF,2026-09-08T19:00:00.000Z,7,paddypower,away,4.33,2026-09-08T14:56:03.513Z,True
2026-09-08T15:50:20Z,id1000000774165874,FC Porto,Manchester City,2026-09-08T19:00:00.000Z,7,paddypower,home,5.0,2026-09-07T23:04:44.548Z,True
2026-09-08T15:50:20Z,id1000000774165874,FC Porto,Manchester City,2026-09-08T19:00:00.000Z,7,paddypower,draw,4.33,2026-09-08T15:04:49.102Z,True
2026-09-08T15:50:20Z,id1000000774165874,FC Porto,Manchester City,2026-09-08T19:00:00.000Z,7,paddypower,away,1.67,2026-09-08T15:04:49.102Z,True
2026-09-08T15:50:20Z,id1000000774165876,Lille OSC,Real Betis Seville,2026-09-08T19:00:00.000Z,7,paddypower,home,2.25,2026-09-08T13:44:21.117Z,True
2026-09-08T15:50:20Z,id1000000774165876,Lille OSC,Real Betis Seville,2026-09-08T19:00:00.000Z,7,paddypower,draw,3.5,2026-09-08T00:44:14.606Z,True
2026-09-08T15:50:20Z,id1000000774165876,Lille OSC,Real Betis Seville,2026-09-08T19:00:00.000Z,7,paddypower,away,3.3,2026-09-08T15:36:23.525Z,True
2026-09-08T15:50:20Z,id1000000774165878,Real Madrid,Inter Milano,2026-09-08T19:00:00.000Z,7,paddypower,home,1.6,2026-09-08T15:05:20.775Z,True
2026-09-08T15:50:20Z,id1000000774165878,Real Madrid,Inter Milano,2026-09-08T19:00:00.000Z,7,paddypower,draw,4.6,2026-09-08T14:05:31.340Z,True
2026-09-08T15:50:20Z,id1000000774165878,Real Madrid,Inter Milano,2026-09-08T19:00:00.000Z,7,paddypower,away,5.5,2026-09-08T15:05:20.775Z,True
2026-09-08T15:50:20Z,id1000001872339794,Bolton Wanderers,West Ham United,2026-09-08T19:00:00.000Z,18,paddypower,home,5.5,2026-09-08T15:43:50.818Z,True
2026-09-08T15:50:20Z,id1000001872339794,Bolton Wanderers,West Ham United,2026-09-08T19:00:00.000Z,18,paddypower,draw,4.2,2026-09-08T09:26:57.116Z,True
2026-09-08T15:50:20Z,id1000001872339794,Bolton Wanderers,West Ham United,2026-09-08T19:00:00.000Z,18,paddypower,away,1.62,2026-09-08T15:43:50.818Z,True
2026-09-08T15:50:20Z,id1000000774165880,FC Barcelona,Feyenoord Rotterdam,2026-09-09T16:45:00.000Z,7,paddypower,home,1.1,2026-09-08T08:05:27.604Z,True
2026-09-08T15:50:20Z,id1000000774165880,FC Barcelona,Feyenoord Rotterdam,2026-09-09T16:45:00.000Z,7,paddypower,draw,13.0,2026-09-08T08:05:27.604Z,True
2026-09-08T15:50:20Z,id1000000774165880,FC Barcelona,Feyenoord Rotterdam,2026-09-09T16:45:00.000Z,7,paddypower,away,29.0,2026-09-08T08:05:27.604Z,True
2026-09-08T15:50:20Z,id1000000774165882,VfB Stuttgart,Viking FK,2026-09-09T16:45:00.000Z,7,paddypower,home,1.25,2026-09-07T07:18:41.502Z,True
2026-09-08T15:50:20Z,id1000000774165882,VfB Stuttgart,Viking FK,2026-09-09T16:45:00.000Z,7,paddypower,draw,7.5,2026-09-08T12:03:36.161Z,True
2026-09-08T15:50:20Z,id1000000774165882,VfB Stuttgart,Viking FK,2026-09-09T16:45:00.000Z,7,paddypower,away,12.0,2026-09-07T07:09:05.915Z,True
2026-09-08T15:50:20Z,id1000001872339810,Derby County,West Bromwich Albion,2026-09-09T18:45:00.000Z,18,paddypower,home,3.0,2026-09-08T10:16:26.308Z,True
2026-09-08T15:50:20Z,id1000001872339810,Derby County,West Bromwich Albion,2026-09-09T18:45:00.000Z,18,paddypower,draw,3.6,2026-09-08T10:16:26.308Z,True
2026-09-08T15:50:20Z,id1000001872339810,Derby County,West Bromwich Albion,2026-09-09T18:45:00.000Z,18,paddypower,away,2.4,2026-09-06T14:31:58.881Z,True
2026-09-08T15:50:20Z,id1000001872339812,Norwich City,Birmingham City,2026-09-09T18:45:00.000Z,18,paddypower,home,1.91,2026-09-07T22:58:47.995Z,True
2026-09-08T15:50:20Z,id1000001872339812,Norwich City,Birmingham City,2026-09-09T18:45:00.000Z,18,paddypower,draw,3.75,2026-09-07T22:58:47.995Z,True
2026-09-08T15:50:20Z,id1000001872339812,Norwich City,Birmingham City,2026-09-09T18:45:00.000Z,18,paddypower,away,4.0,2026-09-07T22:58:47.995Z,True
2026-09-08T15:50:20Z,id1000000774165884,Liverpool FC,Atletico Madrid,2026-09-09T19:00:00.000Z,7,paddypower,home,1.73,2026-09-08T15:01:40.944Z,True
2026-09-08T15:50:20Z,id1000000774165884,Liverpool FC,Atletico Madrid,2026-09-09T19:00:00.000Z,7,paddypower,draw,4.2,2026-09-07T19:02:43.507Z,True
2026-09-08T15:50:20Z,id1000000774165884,Liverpool FC,Atletico Madrid,2026-09-09T19:00:00.000Z,7,paddypower,away,5.0,2026-09-08T15:01:40.944Z,True
2026-09-08T15:50:20Z,id1000000774165886,Paris Saint-Germain,SK Slovan Bratislava,2026-09-09T19:00:00.000Z,7,paddypower,home,1.06,2026-09-08T09:14:15.374Z,True
2026-09-08T15:50:20Z,id1000000774165886,Paris Saint-Germain,SK Slovan Bratislava,2026-09-09T19:00:00.000Z,7,paddypower,draw,23.0,2026-09-07T06:29:14.817Z,True
2026-09-08T15:50:20Z,id1000000774165886,Paris Saint-Germain,SK Slovan Bratislava,2026-09-09T19:00:00.000Z,7,paddypower,away,61.0,2026-09-08T09:14:15.374Z,True
2026-09-08T15:50:20Z,id1000000774165888,Sporting CP,Galatasaray Istanbul,2026-09-09T19:00:00.000Z,7,paddypower,home,1.85,2026-09-08T13:46:13.303Z,True
2026-09-08T15:50:20Z,id1000000774165888,Sporting CP,Galatasaray Istanbul,2026-09-09T19:00:00.000Z,7,paddypower,draw,4.0,2026-09-07T11:00:41.608Z,True
2026-09-08T15:50:20Z,id1000000774165888,Sporting CP,Galatasaray Istanbul,2026-09-09T19:00:00.000Z,7,paddypower,away,4.33,2026-09-08T13:46:13.303Z,True
2026-09-08T15:50:20Z,id1000000774165890,SSC Napoli,Arsenal FC,2026-09-09T19:00:00.000Z,7,paddypower,home,5.0,2026-09-08T02:26:13.659Z,True
2026-09-08T15:50:20Z,id1000000774165890,SSC Napoli,Arsenal FC,2026-09-09T19:00:00.000Z,7,paddypower,draw,3.8,2026-09-08T02:26:13.659Z,True
2026-09-08T15:50:20Z,id1000000774165890,SSC Napoli,Arsenal FC,2026-09-09T19:00:00.000Z,7,paddypower,away,1.75,2026-09-08T02:26:13.659Z,True
2026-09-08T15:50:20Z,id1000001872339808,Charlton Athletic,Queens Park Rangers,2026-09-09T19:00:00.000Z,18,paddypower,home,3.2,2026-09-07T19:02:45.747Z,True
2026-09-08T15:50:20Z,id1000001872339808,Charlton Athletic,Queens Park Rangers,2026-09-09T19:00:00.000Z,18,paddypower,draw,3.6,2026-09-07T19:02:45.747Z,True
2026-09-08T15:50:20Z,id1000001872339808,Charlton Athletic,Queens Park Rangers,2026-09-09T19:00:00.000Z,18,paddypower,away,2.3,2026-09-07T19:02:45.747Z,True
2026-09-08T15:50:20Z,id1000000774165892,Fenerbahce Istanbul,AS Roma,2026-09-10T16:45:00.000Z,7,paddypower,home,3.4,2026-09-08T13:15:50.156Z,True
2026-09-08T15:50:20Z,id1000000774165892,Fenerbahce Istanbul,AS Roma,2026-09-10T16:45:00.000Z,7,paddypower,draw,3.5,2026-09-07T09:30:31.592Z,True
2026-09-08T15:50:20Z,id1000000774165892,Fenerbahce Istanbul,AS Roma,2026-09-10T16:45:00.000Z,7,paddypower,away,2.25,2026-09-08T13:15:50.156Z,True
2026-09-08T15:50:20Z,id1000000774165894,PSV Eindhoven,FC Shakhtar Donetsk,2026-09-10T16:45:00.000Z,7,paddypower,home,1.4,2026-09-03T23:11:34.341Z,True
2026-09-08T15:50:20Z,id1000000774165894,PSV Eindhoven,FC Shakhtar Donetsk,2026-09-10T16:45:00.000Z,7,paddypower,draw,5.0,2026-09-03T23:11:34.341Z,True
2026-09-08T15:50:20Z,id1000000774165894,PSV Eindhoven,FC Shakhtar Donetsk,2026-09-10T16:45:00.000Z,7,paddypower,away,7.5,2026-09-03T23:11:34.341Z,True
2026-09-08T15:50:20Z,id1000000774165896,Como 1907,RB Leipzig,2026-09-10T19:00:00.000Z,7,paddypower,home,1.87,2026-09-08T07:17:36.456Z,True
2026-09-08T15:50:20Z,id1000000774165896,Como 1907,RB Leipzig,2026-09-10T19:00:00.000Z,7,paddypower,draw,4.0,2026-09-08T07:17:36.456Z,True
2026-09-08T15:50:20Z,id1000000774165896,Como 1907,RB Leipzig,2026-09-10T19:00:00.000Z,7,paddypower,away,4.2,2026-09-08T07:17:36.456Z,True
2026-09-08T15:50:20Z,id1000000774165898,Bayern Munich,Bodoe/Glimt,2026-09-10T19:00:00.000Z,7,paddypower,home,1.11,2026-09-08T08:03:40.427Z,True
2026-09-08T15:50:20Z,id1000000774165898,Bayern Munich,Bodoe/Glimt,2026-09-10T19:00:00.000Z,7,paddypower,draw,13.0,2026-09-08T08:03:40.427Z,True
2026-09-08T15:50:20Z,id1000000774165898,Bayern Munich,Bodoe/Glimt,2026-09-10T19:00:00.000Z,7,paddypower,away,23.0,2026-09-06T18:18:55.593Z,True
2026-09-08T15:50:20Z,id1000000774165902,Slavia Prague,Racing Club De Lens,2026-09-10T19:00:00.000Z,7,paddypower,home,2.63,2026-09-08T13:48:58.821Z,True
2026-09-08T15:50:20Z,id1000000774165902,Slavia Prague,Racing Club De Lens,2026-09-10T19:00:00.000Z,7,paddypower,draw,3.5,2026-09-08T14:05:35.252Z,True
2026-09-08T15:50:20Z,id1000000774165902,Slavia Prague,Racing Club De Lens,2026-09-10T19:00:00.000Z,7,paddypower,away,2.8,2026-09-08T14:05:35.252Z,True
2026-09-08T15:50:20Z,id1000000872478562,Sevilla FC,Valencia CF,2026-09-11T19:00:00.000Z,8,paddypower,home,2.2,2026-09-07T20:00:35.735Z,True
2026-09-08T15:50:20Z,id1000000872478562,Sevilla FC,Valencia CF,2026-09-11T19:00:00.000Z,8,paddypower,draw,3.1,2026-09-08T14:15:44.026Z,True
2026-09-08T15:50:20Z,id1000000872478562,Sevilla FC,Valencia CF,2026-09-11T19:00:00.000Z,8,paddypower,away,3.75,2026-09-08T14:15:44.026Z,True
2026-09-08T15:50:20Z,id1000001872339838,West Ham United,Wrexham AFC,2026-09-11T19:00:00.000Z,18,paddypower,home,1.55,2026-09-08T09:07:46.094Z,True
2026-09-08T15:50:20Z,id1000001872339838,West Ham United,Wrexham AFC,2026-09-11T19:00:00.000Z,18,paddypower,draw,4.5,2026-09-08T09:07:46.094Z,True
2026-09-08T15:50:20Z,id1000001872339838,West Ham United,Wrexham AFC,2026-09-11T19:00:00.000Z,18,paddypower,away,5.5,2026-09-08T09:07:46.094Z,True
2026-09-08T15:50:20Z,id1000001872339818,Bolton Wanderers,Cardiff City,2026-09-12T11:30:00.000Z,18,paddypower,home,2.7,2026-09-06T14:13:37.961Z,True
2026-09-08T15:50:20Z,id1000001872339818,Bolton Wanderers,Cardiff City,2026-09-12T11:30:00.000Z,18,paddypower,draw,3.8,2026-09-06T14:13:37.961Z,True
2026-09-08T15:50:20Z,id1000001872339818,Bolton Wanderers,Cardiff City,2026-09-12T11:30:00.000Z,18,paddypower,away,2.45,2026-09-06T14:13:37.961Z,True
2026-09-08T15:50:20Z,id1000001872339822,Derby County,Birmingham City,2026-09-12T11:30:00.000Z,18,paddypower,home,3.1,2026-09-07T16:53:07.350Z,True
2026-09-08T15:50:20Z,id1000001872339822,Derby County,Birmingham City,2026-09-12T11:30:00.000Z,18,paddypower,draw,3.5,2026-09-06T14:14:59.975Z,True
2026-09-08T15:50:20Z,id1000001872339822,Derby County,Birmingham City,2026-09-12T11:30:00.000Z,18,paddypower,away,2.25,2026-09-07T16:53:07.350Z,True
2026-09-08T15:50:20Z,id1000001872339836,West Bromwich Albion,Queens Park Rangers,2026-09-12T11:30:00.000Z,18,paddypower,home,1.91,2026-09-06T14:15:01.012Z,True
2026-09-08T15:50:20Z,id1000001872339836,West Bromwich Albion,Queens Park Rangers,2026-09-12T11:30:00.000Z,18,paddypower,draw,3.8,2026-09-06T14:15:01.012Z,True
2026-09-08T15:50:20Z,id1000001872339836,West Bromwich Albion,Queens Park Rangers,2026-09-12T11:30:00.000Z,18,paddypower,away,3.8,2026-09-06T14:15:01.012Z,True
2026-09-08T15:50:20Z,id1000001772221252,Aston Villa,Nottingham Forest,2026-09-12T14:00:00.000Z,17,paddypower,home,2.25,2026-09-08T07:18:50.005Z,True
2026-09-08T15:50:20Z,id1000001772221252,Aston Villa,Nottingham Forest,2026-09-12T14:00:00.000Z,17,paddypower,draw,3.5,2026-09-08T07:18:50.005Z,True
2026-09-08T15:50:20Z,id1000001772221252,Aston Villa,Nottingham Forest,2026-09-12T14:00:00.000Z,17,paddypower,away,3.3,2026-09-08T07:18:50.005Z,True
2026-09-08T15:50:20Z,id1000001772221254,AFC Bournemouth,Brentford FC,2026-09-12T14:00:00.000Z,17,paddypower,home,2.55,2026-09-08T10:25:31.135Z,True
2026-09-08T15:50:20Z,id1000001772221254,AFC Bournemouth,Brentford FC,2026-09-12T14:00:00.000Z,17,paddypower,draw,3.7,2026-09-08T10:25:31.135Z,True
2026-09-08T15:50:20Z,id1000001772221254,AFC Bournemouth,Brentford FC,2026-09-12T14:00:00.000Z,17,paddypower,away,2.8,2026-09-08T10:25:31.135Z,True
2026-09-08T15:50:20Z,id1000001772221256,Chelsea FC,Hull City,2026-09-12T14:00:00.000Z,17,paddypower,home,1.25,2026-09-08T09:59:28.270Z,True
2026-09-08T15:50:20Z,id1000001772221256,Chelsea FC,Hull City,2026-09-12T14:00:00.000Z,17,paddypower,draw,6.5,2026-09-08T09:59:28.270Z,True
2026-09-08T15:50:20Z,id1000001772221256,Chelsea FC,Hull City,2026-09-12T14:00:00.000Z,17,paddypower,away,14.0,2026-09-08T07:53:01.951Z,True
2026-09-08T15:50:20Z,id1000001772221260,Crystal Palace,Ipswich Town,2026-09-12T14:00:00.000Z,17,paddypower,home,1.91,2026-09-07T06:32:52.331Z,True
2026-09-08T15:50:20Z,id1000001772221260,Crystal Palace,Ipswich Town,2026-09-12T14:00:00.000Z,17,paddypower,draw,3.9,2026-09-06T21:47:57.130Z,True
2026-09-08T15:50:20Z,id1000001772221260,Crystal Palace,Ipswich Town,2026-09-12T14:00:00.000Z,17,paddypower,away,4.1,2026-09-07T16:46:58.891Z,True
2026-09-08T15:50:20Z,id1000001772221264,Liverpool FC,Fulham FC,2026-09-12T14:00:00.000Z,17,paddypower,home,1.4,2026-09-08T13:33:49.600Z,True
2026-09-08T15:50:20Z,id1000001772221264,Liverpool FC,Fulham FC,2026-09-12T14:00:00.000Z,17,paddypower,draw,5.0,2026-09-08T13:33:49.600Z,True
2026-09-08T15:50:20Z,id1000001772221264,Liverpool FC,Fulham FC,2026-09-12T14:00:00.000Z,17,paddypower,away,7.0,2026-09-08T07:11:41.236Z,True
2026-09-08T15:50:20Z,id1000001872339816,Blackburn Rovers,Millwall FC,2026-09-12T14:00:00.000Z,18,paddypower,home,2.9,2026-09-06T14:14:59.002Z,True
2026-09-08T15:50:20Z,id1000001872339816,Blackburn Rovers,Millwall FC,2026-09-12T14:00:00.000Z,18,paddypower,draw,3.5,2026-09-06T14:14:59.002Z,True
2026-09-08T15:50:20Z,id1000001872339816,Blackburn Rovers,Millwall FC,2026-09-12T14:00:00.000Z,18,paddypower,away,2.4,2026-09-06T14:14:59.002Z,True
2026-09-08T15:50:20Z,id1000001872339820,Charlton Athletic,Portsmouth FC,2026-09-12T14:00:00.000Z,18,paddypower,home,2.6,2026-09-06T14:14:59.002Z,True
2026-09-08T15:50:20Z,id1000001872339820,Charlton Athletic,Portsmouth FC,2026-09-12T14:00:00.000Z,18,paddypower,draw,3.25,2026-09-06T14:14:59.002Z,True
2026-09-08T15:50:20Z,id1000001872339820,Charlton Athletic,Portsmouth FC,2026-09-12T14:00:00.000Z,18,paddypower,away,2.8,2026-09-06T14:14:59.002Z,True
2026-09-08T15:50:20Z,id1000001872339824,Middlesbrough FC,Norwich City,2026-09-12T14:00:00.000Z,18,paddypower,home,1.8,2026-09-06T14:13:38.938Z,True
2026-09-08T15:50:20Z,id1000001872339824,Middlesbrough FC,Norwich City,2026-09-12T14:00:00.000Z,18,paddypower,draw,4.0,2026-09-06T14:13:38.938Z,True
2026-09-08T15:50:20Z,id1000001872339824,Middlesbrough FC,Norwich City,2026-09-12T14:00:00.000Z,18,paddypower,away,4.0,2026-09-07T14:01:45.243Z,True
2026-09-08T15:50:20Z,id1000001872339826,Preston North End,Lincoln City,2026-09-12T14:00:00.000Z,18,paddypower,home,2.25,2026-09-06T14:14:59.975Z,True
2026-09-08T15:50:20Z,id1000001872339826,Preston North End,Lincoln City,2026-09-12T14:00:00.000Z,18,paddypower,draw,3.6,2026-09-06T14:14:59.975Z,True
2026-09-08T15:50:20Z,id1000001872339826,Preston North End,Lincoln City,2026-09-12T14:00:00.000Z,18,paddypower,away,3.0,2026-09-06T14:14:59.975Z,True
2026-09-08T15:50:20Z,id1000001872339830,Southampton FC,Bristol City,2026-09-12T14:00:00.000Z,18,paddypower,home,1.57,2026-09-06T14:13:38.938Z,True
2026-09-08T15:50:20Z,id1000001872339830,Southampton FC,Bristol City,2026-09-12T14:00:00.000Z,18,paddypower,draw,4.5,2026-09-06T14:13:38.938Z,True
2026-09-08T15:50:20Z,id1000001872339830,Southampton FC,Bristol City,2026-09-12T14:00:00.000Z,18,paddypower,away,5.0,2026-09-06T14:13:38.938Z,True
2026-09-08T15:50:20Z,id1000001872339832,Swansea City,Burnley FC,2026-09-12T14:00:00.000Z,18,paddypower,home,2.15,2026-09-06T14:13:39.907Z,True
2026-09-08T15:50:20Z,id1000001872339832,Swansea City,Burnley FC,2026-09-12T14:00:00.000Z,18,paddypower,draw,3.75,2026-09-06T14:13:39.907Z,True
2026-09-08T15:50:20Z,id1000001872339832,Swansea City,Burnley FC,2026-09-12T14:00:00.000Z,18,paddypower,away,3.1,2026-09-06T14:13:39.907Z,True
2026-09-08T15:50:20Z,id1000001872339834,Watford FC,Stoke City,2026-09-12T14:00:00.000Z,18,paddypower,home,2.55,2026-09-06T14:15:01.012Z,True
2026-09-08T15:50:20Z,id1000001872339834,Watford FC,Stoke City,2026-09-12T14:00:00.000Z,18,paddypower,draw,3.5,2026-09-06T14:15:01.012Z,True
2026-09-08T15:50:20Z,id1000001872339834,Watford FC,Stoke City,2026-09-12T14:00:00.000Z,18,paddypower,away,2.7,2026-09-06T14:15:01.012Z,True
2026-09-08T15:50:20Z,id1000000872478554,CA Osasuna,Espanyol Barcelona,2026-09-12T14:15:00.000Z,8,paddypower,home,2.1,2026-09-07T13:07:33.772Z,True
2026-09-08T15:50:20Z,id1000000872478554,CA Osasuna,Espanyol Barcelona,2026-09-12T14:15:00.000Z,8,paddypower,draw,3.3,2026-09-07T13:07:33.772Z,True
2026-09-08T15:50:20Z,id1000000872478554,CA Osasuna,Espanyol Barcelona,2026-09-12T14:15:00.000Z,8,paddypower,away,3.75,2026-09-07T13:07:33.772Z,True
2026-09-08T15:50:20Z,id1000000872478546,Athletic Bilbao,Elche CF,2026-09-12T16:30:00.000Z,8,paddypower,home,1.4,2026-09-08T13:18:01.232Z,True
2026-09-08T15:50:20Z,id1000000872478546,Athletic Bilbao,Elche CF,2026-09-12T16:30:00.000Z,8,paddypower,draw,5.0,2026-09-08T13:18:01.232Z,True
2026-09-08T15:50:20Z,id1000000872478546,Athletic Bilbao,Elche CF,2026-09-12T16:30:00.000Z,8,paddypower,away,7.5,2026-09-08T13:18:01.232Z,True
2026-09-08T15:50:20Z,id1000001772221270,Tottenham Hotspur,Everton FC,2026-09-12T16:30:00.000Z,17,paddypower,home,2.05,2026-09-03T23:12:35.196Z,True
2026-09-08T15:50:20Z,id1000001772221270,Tottenham Hotspur,Everton FC,2026-09-12T16:30:00.000Z,17,paddypower,draw,3.7,2026-09-03T23:12:35.196Z,True
2026-09-08T15:50:20Z,id1000001772221270,Tottenham Hotspur,Everton FC,2026-09-12T16:30:00.000Z,17,paddypower,away,3.8,2026-09-03T23:12:35.196Z,True
2026-09-08T15:50:20Z,id1000001772221268,Sunderland AFC,Arsenal FC,2026-09-12T19:00:00.000Z,17,paddypower,home,7.5,2026-09-01T10:46:40.172Z,True
2026-09-08T15:50:20Z,id1000001772221268,Sunderland AFC,Arsenal FC,2026-09-12T19:00:00.000Z,17,paddypower,draw,4.4,2026-09-07T20:25:16.243Z,True
2026-09-08T15:50:20Z,id1000001772221268,Sunderland AFC,Arsenal FC,2026-09-12T19:00:00.000Z,17,paddypower,away,1.5,2026-09-07T20:25:16.243Z,True
2026-09-08T15:50:20Z,id1000000872478558,Real Madrid,Rayo Vallecano,2026-09-13T07:00:00.000Z,8,paddypower,home,1.14,2026-09-08T13:40:14.370Z,True
2026-09-08T15:50:20Z,id1000000872478558,Real Madrid,Rayo Vallecano,2026-09-13T07:00:00.000Z,8,paddypower,draw,9.5,2026-09-08T13:40:14.370Z,True
2026-09-08T15:50:20Z,id1000000872478558,Real Madrid,Rayo Vallecano,2026-09-13T07:00:00.000Z,8,paddypower,away,19.0,2026-09-08T13:40:14.370Z,True
2026-09-08T15:50:20Z,id1000000872478548,RC Celta de Vigo,Malaga CF,2026-09-13T12:00:00.000Z,8,paddypower,home,1.73,2026-09-07T04:12:25.405Z,True
2026-09-08T15:50:20Z,id1000000872478548,RC Celta de Vigo,Malaga CF,2026-09-13T12:00:00.000Z,8,paddypower,draw,3.8,2026-09-07T04:12:25.405Z,True
2026-09-08T15:50:20Z,id1000000872478548,RC Celta de Vigo,Malaga CF,2026-09-13T12:00:00.000Z,8,paddypower,away,5.0,2026-09-07T04:12:25.405Z,True
2026-09-08T15:50:20Z,id1000001772221258,Coventry City,Brighton & Hove Albion,2026-09-13T13:00:00.000Z,17,paddypower,home,4.2,2026-09-07T09:55:32.699Z,True
2026-09-08T15:50:20Z,id1000001772221258,Coventry City,Brighton & Hove Albion,2026-09-13T13:00:00.000Z,17,paddypower,draw,3.8,2026-09-07T09:55:32.699Z,True
2026-09-08T15:50:20Z,id1000001772221258,Coventry City,Brighton & Hove Albion,2026-09-13T13:00:00.000Z,17,paddypower,away,1.91,2026-09-07T09:35:38.848Z,True
2026-09-08T15:50:20Z,id1000000872478552,Levante UD,FC Barcelona,2026-09-13T14:15:00.000Z,8,paddypower,home,15.0,2026-09-08T14:34:07.712Z,True
2026-09-08T15:50:20Z,id1000000872478552,Levante UD,FC Barcelona,2026-09-13T14:15:00.000Z,8,paddypower,draw,8.5,2026-09-08T14:34:07.712Z,True
2026-09-08T15:50:20Z,id1000000872478552,Levante UD,FC Barcelona,2026-09-13T14:15:00.000Z,8,paddypower,away,1.17,2026-09-08T14:34:07.712Z,True
2026-09-08T15:50:20Z,id1000000872478550,Getafe CF,RC Deportivo de A Coruna,2026-09-13T16:30:00.000Z,8,paddypower,home,2.5,2026-09-08T13:15:26.498Z,True
2026-09-08T15:50:20Z,id1000000872478550,Getafe CF,RC Deportivo de A Coruna,2026-09-13T16:30:00.000Z,8,paddypower,draw,2.9,2026-09-08T13:15:26.498Z,True
2026-09-08T15:50:20Z,id1000000872478550,Getafe CF,RC Deportivo de A Coruna,2026-09-13T16:30:00.000Z,8,paddypower,away,3.4,2026-09-08T13:15:26.498Z,True
2026-09-08T15:50:20Z,id1000000872478556,Racing Santander,Deportivo Alaves,2026-09-13T19:00:00.000Z,8,paddypower,home,2.45,2026-09-08T13:17:43.754Z,True
2026-09-08T15:50:20Z,id1000000872478556,Racing Santander,Deportivo Alaves,2026-09-13T19:00:00.000Z,8,paddypower,draw,3.5,2026-09-07T12:32:22.803Z,True
2026-09-08T15:50:20Z,id1000000872478556,Racing Santander,Deportivo Alaves,2026-09-13T19:00:00.000Z,8,paddypower,away,2.88,2026-09-08T13:17:43.754Z,True
2026-09-08T15:50:20Z,id1000000872478560,Real Sociedad San Sebastian,Atletico Madrid,2026-09-13T19:00:00.000Z,8,paddypower,home,2.88,2026-09-08T09:47:47.314Z,True
2026-09-08T15:50:20Z,id1000000872478560,Real Sociedad San Sebastian,Atletico Madrid,2026-09-13T19:00:00.000Z,8,paddypower,draw,3.6,2026-09-08T09:47:47.314Z,True
2026-09-08T15:50:20Z,id1000000872478560,Real Sociedad San Sebastian,Atletico Madrid,2026-09-13T19:00:00.000Z,8,paddypower,away,2.5,2026-09-08T09:47:47.314Z,True
2026-09-08T15:50:20Z,id1000000872478564,Villarreal CF,Real Betis Seville,2026-09-14T19:00:00.000Z,8,paddypower,home,1.91,2026-09-06T18:02:06.508Z,True
2026-09-08T15:50:20Z,id1000000872478564,Villarreal CF,Real Betis Seville,2026-09-14T19:00:00.000Z,8,paddypower,draw,3.9,2026-09-03T19:00:54.162Z,True
2026-09-08T15:50:20Z,id1000000872478564,Villarreal CF,Real Betis Seville,2026-09-14T19:00:00.000Z,8,paddypower,away,3.8,2026-09-07T07:47:07.699Z,True
2026-09-08T15:50:20Z,id1000001772221262,Leeds United,Newcastle United,2026-09-14T19:00:00.000Z,17,paddypower,home,2.5,2026-09-08T06:44:10.693Z,True
2026-09-08T15:50:20Z,id1000001772221262,Leeds United,Newcastle United,2026-09-14T19:00:00.000Z,17,paddypower,draw,3.5,2026-09-08T06:44:10.693Z,True
2026-09-08T15:50:20Z,id1000001772221262,Leeds United,Newcastle United,2026-09-14T19:00:00.000Z,17,paddypower,away,2.9,2026-09-08T06:44:10.693Z,True
2026-09-08T15:50:20Z,id1000000872478582,Rayo Vallecano,Espanyol Barcelona,2026-09-15T17:00:00.000Z,8,paddypower,home,1.95,2026-09-07T11:46:52.838Z,True
2026-09-08T15:50:20Z,id1000000872478582,Rayo Vallecano,Espanyol Barcelona,2026-09-15T17:00:00.000Z,8,paddypower,draw,3.6,2026-09-06T11:06:06.852Z,True
2026-09-08T15:50:20Z,id1000000872478582,Rayo Vallecano,Espanyol Barcelona,2026-09-15T17:00:00.000Z,8,paddypower,away,4.0,2026-09-07T11:46:52.838Z,True
2026-09-08T15:50:20Z,id1000000872478566,Deportivo Alaves,Valencia CF,2026-09-15T18:00:00.000Z,8,paddypower,home,2.25,2026-09-06T11:06:05.108Z,True
2026-09-08T15:50:20Z,id1000000872478566,Deportivo Alaves,Valencia CF,2026-09-15T18:00:00.000Z,8,paddypower,draw,3.3,2026-09-06T11:06:05.108Z,True
2026-09-08T15:50:20Z,id1000000872478566,Deportivo Alaves,Valencia CF,2026-09-15T18:00:00.000Z,8,paddypower,away,3.4,2026-09-06T11:06:05.108Z,True
2026-09-08T15:50:20Z,id1000000872478574,Elche CF,Real Madrid,2026-09-15T19:30:00.000Z,8,paddypower,home,9.5,2026-09-06T19:27:45.147Z,True
2026-09-08T15:50:20Z,id1000000872478574,Elche CF,Real Madrid,2026-09-15T19:30:00.000Z,8,paddypower,draw,6.0,2026-09-06T19:27:45.147Z,True
2026-09-08T15:50:20Z,id1000000872478574,Elche CF,Real Madrid,2026-09-15T19:30:00.000Z,8,paddypower,away,1.29,2026-09-06T19:27:45.147Z,True
2026-09-08T15:50:20Z,id1000000872478568,Atletico Madrid,CA Osasuna,2026-09-16T17:00:00.000Z,8,paddypower,home,1.47,2026-09-07T11:34:59.480Z,True
2026-09-08T15:50:20Z,id1000000872478568,Atletico Madrid,CA Osasuna,2026-09-16T17:00:00.000Z,8,paddypower,draw,4.6,2026-09-07T11:34:59.480Z,True
2026-09-08T15:50:20Z,id1000000872478568,Atletico Madrid,CA Osasuna,2026-09-16T17:00:00.000Z,8,paddypower,away,7.5,2026-09-07T11:34:59.480Z,True
2026-09-08T15:50:20Z,id1000000872478572,RC Deportivo de A Coruna,Sevilla FC,2026-09-16T17:00:00.000Z,8,paddypower,home,2.5,2026-09-07T00:54:35.167Z,True
2026-09-08T15:50:20Z,id1000000872478572,RC Deportivo de A Coruna,Sevilla FC,2026-09-16T17:00:00.000Z,8,paddypower,draw,3.3,2026-09-07T00:54:35.167Z,True
2026-09-08T15:50:20Z,id1000000872478572,RC Deportivo de A Coruna,Sevilla FC,2026-09-16T17:00:00.000Z,8,paddypower,away,3.0,2026-09-07T00:54:35.167Z,True
2026-09-08T15:50:20Z,id1000000872478576,FC Barcelona,Racing Santander,2026-09-16T19:30:00.000Z,8,paddypower,home,1.1,2026-09-06T19:30:34.741Z,True
2026-09-08T15:50:20Z,id1000000872478576,FC Barcelona,Racing Santander,2026-09-16T19:30:00.000Z,8,paddypower,draw,12.0,2026-09-06T19:30:34.741Z,True
2026-09-08T15:50:20Z,id1000000872478576,FC Barcelona,Racing Santander,2026-09-16T19:30:00.000Z,8,paddypower,away,23.0,2026-09-06T19:30:34.741Z,True
2026-09-08T15:50:20Z,id1000000872478578,Levante UD,Athletic Bilbao,2026-09-16T19:30:00.000Z,8,paddypower,home,3.1,2026-09-07T04:08:52.161Z,True
2026-09-08T15:50:20Z,id1000000872478578,Levante UD,Athletic Bilbao,2026-09-16T19:30:00.000Z,8,paddypower,draw,3.6,2026-09-06T19:30:12.072Z,True
2026-09-08T15:50:20Z,id1000000872478578,Levante UD,Athletic Bilbao,2026-09-16T19:30:00.000Z,8,paddypower,away,2.25,2026-09-06T19:30:12.072Z,True
2026-09-08T15:50:20Z,id1000000872478570,Real Betis Seville,Getafe CF,2026-09-17T17:00:00.000Z,8,paddypower,home,1.91,2026-09-07T17:00:56.300Z,True
2026-09-08T15:50:20Z,id1000000872478570,Real Betis Seville,Getafe CF,2026-09-17T17:00:00.000Z,8,paddypower,draw,3.4,2026-09-07T17:00:56.300Z,True
2026-09-08T15:50:20Z,id1000000872478570,Real Betis Seville,Getafe CF,2026-09-17T17:00:00.000Z,8,paddypower,away,4.5,2026-09-07T17:00:56.300Z,True
2026-09-08T15:50:20Z,id1000000872478580,Malaga CF,Villarreal CF,2026-09-17T19:30:00.000Z,8,paddypower,home,3.6,2026-09-07T19:30:40.802Z,True
2026-09-08T15:50:20Z,id1000000872478580,Malaga CF,Villarreal CF,2026-09-17T19:30:00.000Z,8,paddypower,draw,3.9,2026-09-07T19:30:40.802Z,True
2026-09-08T15:50:20Z,id1000000872478580,Malaga CF,Villarreal CF,2026-09-17T19:30:00.000Z,8,paddypower,away,2.0,2026-09-07T19:30:40.802Z,True
2026-09-08T15:50:20Z,id1000000872478594,Espanyol Barcelona,Elche CF,2026-09-18T19:00:00.000Z,8,paddypower,home,2.0,2026-09-06T21:13:03.191Z,True
2026-09-08T15:50:20Z,id1000000872478594,Espanyol Barcelona,Elche CF,2026-09-18T19:00:00.000Z,8,paddypower,draw,3.3,2026-09-06T21:13:03.191Z,True
2026-09-08T15:50:20Z,id1000000872478594,Espanyol Barcelona,Elche CF,2026-09-18T19:00:00.000Z,8,paddypower,away,3.6,2026-09-06T21:13:03.191Z,True
2026-09-08T15:50:20Z,id1000001772221274,Brentford FC,Chelsea FC,2026-09-18T19:00:00.000Z,17,paddypower,home,2.75,2026-09-06T19:01:59.032Z,True
2026-09-08T15:50:20Z,id1000001772221274,Brentford FC,Chelsea FC,2026-09-18T19:00:00.000Z,17,paddypower,draw,3.9,2026-09-05T18:23:14.756Z,True
2026-09-08T15:50:20Z,id1000001772221274,Brentford FC,Chelsea FC,2026-09-18T19:00:00.000Z,17,paddypower,away,2.5,2026-09-06T19:01:59.032Z,True
2026-09-08T15:50:20Z,id1000001772221290,Tottenham Hotspur,Aston Villa,2026-09-19T11:30:00.000Z,17,paddypower,home,2.0,2026-09-07T00:50:55.932Z,True
2026-09-08T15:50:20Z,id1000001772221290,Tottenham Hotspur,Aston Villa,2026-09-19T11:30:00.000Z,17,paddypower,draw,3.9,2026-09-07T00:50:55.932Z,True
2026-09-08T15:50:20Z,id1000001772221290,Tottenham Hotspur,Aston Villa,2026-09-19T11:30:00.000Z,17,paddypower,away,3.7,2026-09-06T22:33:21.569Z,True
2026-09-08T15:50:20Z,id1000001772221276,Brighton & Hove Albion,Arsenal FC,2026-09-19T14:00:00.000Z,17,paddypower,home,4.5,2026-09-06T19:54:54.853Z,True
2026-09-08T15:50:20Z,id1000001772221276,Brighton & Hove Albion,Arsenal FC,2026-09-19T14:00:00.000Z,17,paddypower,draw,4.0,2026-09-06T19:54:54.853Z,True
2026-09-08T15:50:20Z,id1000001772221276,Brighton & Hove Albion,Arsenal FC,2026-09-19T14:00:00.000Z,17,paddypower,away,1.8,2026-09-06T19:54:54.853Z,True
2026-09-08T15:50:20Z,id1000001772221278,Everton FC,Ipswich Town,2026-09-19T14:00:00.000Z,17,paddypower,home,1.8,2026-09-07T18:38:00.033Z,True
2026-09-08T15:50:20Z,id1000001772221278,Everton FC,Ipswich Town,2026-09-19T14:00:00.000Z,17,paddypower,draw,4.0,2026-09-07T09:34:17.182Z,True
2026-09-08T15:50:20Z,id1000001772221278,Everton FC,Ipswich Town,2026-09-19T14:00:00.000Z,17,paddypower,away,4.5,2026-09-07T18:38:00.033Z,True
2026-09-08T15:50:20Z,id1000001772221286,Newcastle United,Hull City,2026-09-19T14:00:00.000Z,17,paddypower,home,1.5,2026-09-06T22:17:46.869Z,True
2026-09-08T15:50:20Z,id1000001772221286,Newcastle United,Hull City,2026-09-19T14:00:00.000Z,17,paddypower,draw,4.75,2026-09-06T22:17:46.869Z,True
2026-09-08T15:50:20Z,id1000001772221286,Newcastle United,Hull City,2026-09-19T14:00:00.000Z,17,paddypower,away,6.5,2026-09-06T22:17:46.869Z,True
2026-09-08T15:50:20Z,id1000001772221288,Nottingham Forest,Coventry City,2026-09-19T16:30:00.000Z,17,paddypower,home,1.8,2026-09-05T18:48:48.200Z,True
2026-09-08T15:50:20Z,id1000001772221288,Nottingham Forest,Coventry City,2026-09-19T16:30:00.000Z,17,paddypower,draw,4.0,2026-09-05T18:23:22.525Z,True
2026-09-08T15:50:20Z,id1000001772221288,Nottingham Forest,Coventry City,2026-09-19T16:30:00.000Z,17,paddypower,away,4.5,2026-09-05T18:48:48.200Z,True
2026-09-08T15:50:20Z,id1000001772221272,AFC Bournemouth,Liverpool FC,2026-09-20T13:00:00.000Z,17,paddypower,home,3.2,2026-09-07T06:00:58.130Z,True
2026-09-08T15:50:20Z,id1000001772221272,AFC Bournemouth,Liverpool FC,2026-09-20T13:00:00.000Z,17,paddypower,draw,4.2,2026-09-07T07:27:43.651Z,True
2026-09-08T15:50:20Z,id1000001772221272,AFC Bournemouth,Liverpool FC,2026-09-20T13:00:00.000Z,17,paddypower,away,2.15,2026-09-07T07:27:43.651Z,True
2026-09-08T15:50:20Z,id1000001772221282,Leeds United,Crystal Palace,2026-09-20T13:00:00.000Z,17,paddypower,home,2.1,2026-09-06T18:38:42.165Z,True
2026-09-08T15:50:20Z,id1000001772221282,Leeds United,Crystal Palace,2026-09-20T13:00:00.000Z,17,paddypower,draw,3.7,2026-09-06T18:38:42.165Z,True
2026-09-08T15:50:20Z,id1000001772221282,Leeds United,Crystal Palace,2026-09-20T13:00:00.000Z,17,paddypower,away,3.6,2026-09-06T18:38:42.165Z,True
2026-09-08T15:50:20Z,id1000001772221284,Manchester City,Sunderland AFC,2026-09-20T13:00:00.000Z,17,paddypower,home,1.29,2026-09-06T19:15:44.796Z,True
2026-09-08T15:50:20Z,id1000001772221284,Manchester City,Sunderland AFC,2026-09-20T13:00:00.000Z,17,paddypower,draw,6.0,2026-09-06T19:15:44.796Z,True
2026-09-08T15:50:20Z,id1000001772221284,Manchester City,Sunderland AFC,2026-09-20T13:00:00.000Z,17,paddypower,away,13.0,2026-09-06T13:43:27.545Z,True
2026-09-08T15:50:20Z,id1000001772221280,Fulham FC,Manchester United,2026-09-20T15:30:00.000Z,17,paddypower,home,3.5,2026-09-06T19:46:10.020Z,True
2026-09-08T15:50:20Z,id1000001772221280,Fulham FC,Manchester United,2026-09-20T15:30:00.000Z,17,paddypower,draw,4.0,2026-09-05T18:23:14.756Z,True
2026-09-08T15:50:20Z,id1000001772221280,Fulham FC,Manchester United,2026-09-20T15:30:00.000Z,17,paddypower,away,2.0,2026-09-08T06:21:42.579Z,True
2026-09-08T15:50:20Z,id1000067974172914,FC Ararat-Armenia,Sparta Prague,2026-09-16T16:45:00.000Z,679,paddypower,home,5.0,2026-09-08T10:00:37.660Z,True
2026-09-08T15:50:20Z,id1000067974172914,FC Ararat-Armenia,Sparta Prague,2026-09-16T16:45:00.000Z,679,paddypower,draw,4.2,2026-09-06T18:04:46.680Z,True
2026-09-08T15:50:20Z,id1000067974172914,FC Ararat-Armenia,Sparta Prague,2026-09-16T16:45:00.000Z,679,paddypower,away,1.62,2026-09-08T10:00:37.660Z,True
2026-09-08T15:50:20Z,id1000067974172916,AC Omonia Nicosia,RC Celta de Vigo,2026-09-16T16:45:00.000Z,679,paddypower,home,4.0,2026-09-07T21:14:22.887Z,True
2026-09-08T15:50:20Z,id1000067974172916,AC Omonia Nicosia,RC Celta de Vigo,2026-09-16T16:45:00.000Z,679,paddypower,draw,3.8,2026-09-07T16:11:17.694Z,True
2026-09-08T15:50:20Z,id1000067974172916,AC Omonia Nicosia,RC Celta de Vigo,2026-09-16T16:45:00.000Z,679,paddypower,away,1.87,2026-09-07T16:11:17.694Z,True
2026-09-08T15:50:20Z,id1000067974172918,AC Milan,SL Benfica,2026-09-16T19:00:00.000Z,679,paddypower,home,2.05,2026-09-08T10:58:39.571Z,True
2026-09-08T15:50:20Z,id1000067974172918,AC Milan,SL Benfica,2026-09-16T19:00:00.000Z,679,paddypower,draw,3.75,2026-09-08T10:58:39.571Z,True
2026-09-08T15:50:20Z,id1000067974172918,AC Milan,SL Benfica,2026-09-16T19:00:00.000Z,679,paddypower,away,3.4,2026-09-08T10:58:39.571Z,True
2026-09-08T15:50:20Z,id1000067974172920,Bayer Leverkusen,NK Celje,2026-09-16T19:00:00.000Z,679,paddypower,home,1.17,2026-09-03T23:21:18.018Z,True
2026-09-08T15:50:20Z,id1000067974172920,Bayer Leverkusen,NK Celje,2026-09-16T19:00:00.000Z,679,paddypower,draw,8.0,2026-09-03T23:21:18.018Z,True
2026-09-08T15:50:20Z,id1000067974172920,Bayer Leverkusen,NK Celje,2026-09-16T19:00:00.000Z,679,paddypower,away,15.0,2026-09-03T23:21:18.018Z,True
2026-09-08T15:50:20Z,id1000067974172922,Hapoel Be`er Sheva FC,GNK Dinamo Zagreb,2026-09-16T19:00:00.000Z,679,paddypower,home,3.4,2026-09-04T18:54:36.065Z,True
2026-09-08T15:50:20Z,id1000067974172922,Hapoel Be`er Sheva FC,GNK Dinamo Zagreb,2026-09-16T19:00:00.000Z,679,paddypower,draw,3.8,2026-09-04T18:54:36.065Z,True
2026-09-08T15:50:20Z,id1000067974172922,Hapoel Be`er Sheva FC,GNK Dinamo Zagreb,2026-09-16T19:00:00.000Z,679,paddypower,away,2.0,2026-09-04T18:54:36.065Z,True
2026-09-08T15:50:20Z,id1000067974172924,Olympiacos Piraeus,Jagiellonia Bialystok,2026-09-16T19:00:00.000Z,679,paddypower,home,1.36,2026-09-03T23:17:10.118Z,True
2026-09-08T15:50:20Z,id1000067974172924,Olympiacos Piraeus,Jagiellonia Bialystok,2026-09-16T19:00:00.000Z,679,paddypower,draw,5.0,2026-09-03T23:17:10.118Z,True
2026-09-08T15:50:20Z,id1000067974172924,Olympiacos Piraeus,Jagiellonia Bialystok,2026-09-16T19:00:00.000Z,679,paddypower,away,9.5,2026-09-06T21:15:55.932Z,True
2026-09-08T15:50:20Z,id1000067974172926,RSC Anderlecht,Olympique Lyon,2026-09-16T19:00:00.000Z,679,paddypower,home,3.5,2026-09-08T07:10:15.915Z,True
2026-09-08T15:50:20Z,id1000067974172926,RSC Anderlecht,Olympique Lyon,2026-09-16T19:00:00.000Z,679,paddypower,draw,3.6,2026-09-08T07:10:15.915Z,True
2026-09-08T15:50:20Z,id1000067974172926,RSC Anderlecht,Olympique Lyon,2026-09-16T19:00:00.000Z,679,paddypower,away,2.1,2026-09-08T04:57:47.118Z,True
2026-09-08T15:50:20Z,id1000067974172930,Sunderland AFC,AZ Alkmaar,2026-09-16T19:00:00.000Z,679,paddypower,home,1.7,2026-09-03T23:19:05.594Z,True
2026-09-08T15:50:20Z,id1000067974172930,Sunderland AFC,AZ Alkmaar,2026-09-16T19:00:00.000Z,679,paddypower,draw,4.0,2026-09-03T23:19:05.594Z,True
2026-09-08T15:50:20Z,id1000067974172930,Sunderland AFC,AZ Alkmaar,2026-09-16T19:00:00.000Z,679,paddypower,away,4.6,2026-09-03T23:19:05.594Z,True
2026-09-08T15:50:20Z,id1000067974172932,OFI Crete,TSG Hoffenheim,2026-09-17T16:45:00.000Z,679,paddypower,home,7.0,2026-09-03T18:12:19.522Z,True
2026-09-08T15:50:20Z,id1000067974172932,OFI Crete,TSG Hoffenheim,2026-09-17T16:45:00.000Z,679,paddypower,draw,4.6,2026-08-31T16:44:42.497Z,True
2026-09-08T15:50:20Z,id1000067974172932,OFI Crete,TSG Hoffenheim,2026-09-17T16:45:00.000Z,679,paddypower,away,1.44,2026-09-03T18:12:19.522Z,True
2026-09-08T15:50:20Z,id1000067974172934,PFC Levski Sofia,FC Salzburg,2026-09-17T16:45:00.000Z,679,paddypower,home,2.8,2026-09-03T23:12:28.022Z,True
2026-09-08T15:50:20Z,id1000067974172934,PFC Levski Sofia,FC Salzburg,2026-09-17T16:45:00.000Z,679,paddypower,draw,3.75,2026-09-03T23:12:28.022Z,True
2026-09-08T15:50:20Z,id1000067974172934,PFC Levski Sofia,FC Salzburg,2026-09-17T16:45:00.000Z,679,paddypower,away,2.4,2026-09-03T23:12:28.022Z,True
2026-09-08T15:50:20Z,id1000067974172936,Besiktas Istanbul,Olympique Marseille,2026-09-17T19:00:00.000Z,679,paddypower,home,2.2,2026-09-05T20:07:46.913Z,True
2026-09-08T15:50:20Z,id1000067974172936,Besiktas Istanbul,Olympique Marseille,2026-09-17T19:00:00.000Z,679,paddypower,draw,3.8,2026-09-03T23:17:08.469Z,True
2026-09-08T15:50:20Z,id1000067974172936,Besiktas Istanbul,Olympique Marseille,2026-09-17T19:00:00.000Z,679,paddypower,away,3.0,2026-09-05T20:07:46.913Z,True
2026-09-08T15:50:20Z,id1000067974172938,Celtic Glasgow,Ferencvarosi Budapest,2026-09-17T19:00:00.000Z,679,paddypower,home,1.73,2026-09-01T00:34:23.910Z,True
2026-09-08T15:50:20Z,id1000067974172938,Celtic Glasgow,Ferencvarosi Budapest,2026-09-17T19:00:00.000Z,679,paddypower,draw,4.2,2026-09-01T00:34:23.910Z,True
2026-09-08T15:50:20Z,id1000067974172938,Celtic Glasgow,Ferencvarosi Budapest,2026-09-17T19:00:00.000Z,679,paddypower,away,4.5,2026-08-31T23:50:14.282Z,True
2026-09-08T15:50:20Z,id1000067974172940,Crystal Palace,KKS Lech Poznan,2026-09-17T19:00:00.000Z,679,paddypower,home,1.4,2026-09-07T18:19:59.736Z,True
2026-09-08T15:50:20Z,id1000067974172940,Crystal Palace,KKS Lech Poznan,2026-09-17T19:00:00.000Z,679,paddypower,draw,5.0,2026-08-31T16:00:04.399Z,True
2026-09-08T15:50:20Z,id1000067974172940,Crystal Palace,KKS Lech Poznan,2026-09-17T19:00:00.000Z,679,paddypower,away,7.5,2026-09-07T18:19:59.736Z,True
2026-09-08T15:50:20Z,id1000067974172942,FC Viktoria Plzen,Union Saint-Gilloise,2026-09-17T19:00:00.000Z,679,paddypower,home,2.5,2026-08-31T16:46:12.383Z,True
2026-09-08T15:50:20Z,id1000067974172942,FC Viktoria Plzen,Union Saint-Gilloise,2026-09-17T19:00:00.000Z,679,paddypower,draw,3.6,2026-08-31T16:46:12.383Z,True
2026-09-08T15:50:20Z,id1000067974172942,FC Viktoria Plzen,Union Saint-Gilloise,2026-09-17T19:00:00.000Z,679,paddypower,away,2.7,2026-08-31T16:46:12.383Z,True
2026-09-08T15:50:20Z,id1000067974172944,Juventus Turin,NEC Nijmegen,2026-09-17T19:00:00.000Z,679,paddypower,home,1.25,2026-09-08T00:45:07.483Z,True
2026-09-08T15:50:20Z,id1000067974172944,Juventus Turin,NEC Nijmegen,2026-09-17T19:00:00.000Z,679,paddypower,draw,6.0,2026-09-08T00:45:07.483Z,True
2026-09-08T15:50:20Z,id1000067974172944,Juventus Turin,NEC Nijmegen,2026-09-17T19:00:00.000Z,679,paddypower,away,11.0,2026-09-08T00:45:07.483Z,True
2026-09-08T15:50:20Z,id1000067974172946,Lillestroem SK,SCU Torreense,2026-09-17T19:00:00.000Z,679,paddypower,home,1.5,2026-09-01T06:04:41.991Z,True
2026-09-08T15:50:20Z,id1000067974172946,Lillestroem SK,SCU Torreense,2026-09-17T19:00:00.000Z,679,paddypower,draw,4.5,2026-08-31T23:54:17.054Z,True
2026-09-08T15:50:20Z,id1000067974172946,Lillestroem SK,SCU Torreense,2026-09-17T19:00:00.000Z,679,paddypower,away,6.0,2026-09-03T23:24:11.017Z,True
2026-09-08T15:50:20Z,id1000067974172948,Real Sociedad San Sebastian,AFC Bournemouth,2026-09-17T19:00:00.000Z,679,paddypower,home,2.7,2026-08-31T16:46:12.383Z,True
2026-09-08T15:50:20Z,id1000067974172948,Real Sociedad San Sebastian,AFC Bournemouth,2026-09-17T19:00:00.000Z,679,paddypower,draw,3.6,2026-08-31T16:46:12.383Z,True
2026-09-08T15:50:20Z,id1000067974172948,Real Sociedad San Sebastian,AFC Bournemouth,2026-09-17T19:00:00.000Z,679,paddypower,away,2.5,2026-08-31T16:46:12.383Z,True
2026-09-08T15:50:20Z,id1002375568932806,Andorra,Malta,2026-09-24T16:00:00.000Z,23755,paddypower,home,3.0,2026-08-24T10:28:58.318Z,True
2026-09-08T15:50:20Z,id1002375568932806,Andorra,Malta,2026-09-24T16:00:00.000Z,23755,paddypower,draw,2.8,2026-08-24T10:28:58.318Z,True
2026-09-08T15:50:20Z,id1002375568932806,Andorra,Malta,2026-09-24T16:00:00.000Z,23755,paddypower,away,2.4,2026-09-03T08:32:16.440Z,True
2026-09-08T15:50:20Z,id1002375568931508,Netherlands,Germany,2026-09-24T18:45:00.000Z,23755,paddypower,home,2.4,2026-08-24T09:30:50.613Z,True
2026-09-08T15:50:20Z,id1002375568931508,Netherlands,Germany,2026-09-24T18:45:00.000Z,23755,paddypower,draw,3.8,2026-08-31T06:50:20.534Z,True
2026-09-08T15:50:20Z,id1002375568931508,Netherlands,Germany,2026-09-24T18:45:00.000Z,23755,paddypower,away,2.7,2026-08-31T06:50:20.534Z,True
2026-09-08T15:50:20Z,id1002375568931762,Norway,Denmark,2026-09-24T18:45:00.000Z,23755,paddypower,home,2.25,2026-09-03T23:31:33.463Z,True
2026-09-08T15:50:20Z,id1002375568931762,Norway,Denmark,2026-09-24T18:45:00.000Z,23755,paddypower,draw,3.75,2026-09-03T23:31:33.463Z,True
2026-09-08T15:50:20Z,id1002375568931762,Norway,Denmark,2026-09-24T18:45:00.000Z,23755,paddypower,away,3.0,2026-09-03T23:31:33.463Z,True
2026-09-08T15:50:20Z,id1002375568931810,Portugal,Wales,2026-09-24T18:45:00.000Z,23755,paddypower,home,1.29,2026-08-26T15:43:05.063Z,True
2026-09-08T15:50:20Z,id1002375568931810,Portugal,Wales,2026-09-24T18:45:00.000Z,23755,paddypower,draw,5.5,2026-09-03T23:17:09.134Z,True
2026-09-08T15:50:20Z,id1002375568931810,Portugal,Wales,2026-09-24T18:45:00.000Z,23755,paddypower,away,11.0,2026-08-24T09:48:43.182Z,True
2026-09-08T15:50:20Z,id1002375568932068,Liechtenstein,Lithuania,2026-09-24T18:45:00.000Z,23755,paddypower,home,8.5,2026-08-29T14:34:24.923Z,True
2026-09-08T15:50:20Z,id1002375568932068,Liechtenstein,Lithuania,2026-09-24T18:45:00.000Z,23755,paddypower,draw,4.2,2026-08-24T10:28:57.383Z,True
2026-09-08T15:50:20Z,id1002375568932068,Liechtenstein,Lithuania,2026-09-24T18:45:00.000Z,23755,paddypower,away,1.33,2026-08-29T14:34:24.923Z,True
2026-09-08T15:50:20Z,id1002375568932720,Austria,Israel,2026-09-24T18:45:00.000Z,23755,paddypower,home,1.33,2026-09-07T15:30:43.481Z,True
2026-09-08T15:50:20Z,id1002375568932720,Austria,Israel,2026-09-24T18:45:00.000Z,23755,paddypower,draw,5.0,2026-09-07T15:30:43.481Z,True
2026-09-08T15:50:20Z,id1002375568932720,Austria,Israel,2026-09-24T18:45:00.000Z,23755,paddypower,away,9.5,2026-09-07T15:30:43.481Z,True
2026-09-08T15:50:20Z,id1002375568932406,Armenia,Latvia,2026-09-25T16:00:00.000Z,23755,paddypower,home,1.7,2026-08-24T10:29:11.262Z,True
2026-09-08T15:50:20Z,id1002375568932406,Armenia,Latvia,2026-09-25T16:00:00.000Z,23755,paddypower,draw,3.8,2026-08-24T10:29:11.262Z,True
2026-09-08T15:50:20Z,id1002375568932406,Armenia,Latvia,2026-09-25T16:00:00.000Z,23755,paddypower,away,4.75,2026-08-24T10:29:11.262Z,True
2026-09-08T15:50:20Z,id1002375568932750,Georgia,Northern Ireland,2026-09-25T16:00:00.000Z,23755,paddypower,home,2.38,2026-08-25T04:01:36.696Z,True
2026-09-08T15:50:20Z,id1002375568932750,Georgia,Northern Ireland,2026-09-25T16:00:00.000Z,23755,paddypower,draw,3.6,2026-08-25T04:01:36.696Z,True
2026-09-08T15:50:20Z,id1002375568932750,Georgia,Northern Ireland,2026-09-25T16:00:00.000Z,23755,paddypower,away,2.8,2026-08-25T04:01:36.696Z,True
2026-09-08T15:50:20Z,id1002375568931470,Italy,Belgium,2026-09-25T18:45:00.000Z,23755,paddypower,home,2.05,2026-09-03T23:31:34.010Z,True
2026-09-08T15:50:20Z,id1002375568931470,Italy,Belgium,2026-09-25T18:45:00.000Z,23755,paddypower,draw,3.6,2026-09-03T23:31:34.010Z,True
2026-09-08T15:50:20Z,id1002375568931470,Italy,Belgium,2026-09-25T18:45:00.000Z,23755,paddypower,away,3.5,2026-09-03T23:31:34.010Z,True
2026-09-08T15:50:20Z,id1002375568931472,Turkiye,France,2026-09-25T18:45:00.000Z,23755,paddypower,home,6.0,2026-09-02T11:50:32.724Z,True
2026-09-08T15:50:20Z,id1002375568931472,Turkiye,France,2026-09-25T18:45:00.000Z,23755,paddypower,draw,4.6,2026-09-02T11:50:32.724Z,True
2026-09-08T15:50:20Z,id1002375568931472,Turkiye,France,2026-09-25T18:45:00.000Z,23755,paddypower,away,1.5,2026-09-02T11:50:32.724Z,True
2026-09-08T15:50:20Z,id1002375568932408,Montenegro,Cyprus,2026-09-25T18:45:00.000Z,23755,paddypower,home,1.47,2026-09-04T17:22:14.900Z,True
2026-09-08T15:50:20Z,id1002375568932408,Montenegro,Cyprus,2026-09-25T18:45:00.000Z,23755,paddypower,draw,4.2,2026-09-04T17:22:14.900Z,True
2026-09-08T15:50:20Z,id1002375568932408,Montenegro,Cyprus,2026-09-25T18:45:00.000Z,23755,paddypower,away,7.0,2026-09-04T17:22:14.900Z,True
2026-09-08T15:50:20Z,id1002375568932610,Poland,Bosnia and Herzegovina,2026-09-25T18:45:00.000Z,23755,paddypower,home,1.53,2026-09-03T23:21:21.868Z,True
2026-09-08T15:50:20Z,id1002375568932610,Poland,Bosnia and Herzegovina,2026-09-25T18:45:00.000Z,23755,paddypower,draw,4.2,2026-09-03T23:21:21.868Z,True
2026-09-08T15:50:20Z,id1002375568932610,Poland,Bosnia and Herzegovina,2026-09-25T18:45:00.000Z,23755,paddypower,away,6.0,2026-09-03T23:21:21.868Z,True
2026-09-08T15:50:20Z,id1002375568932612,Sweden,Romania,2026-09-25T18:45:00.000Z,23755,paddypower,home,1.44,2026-09-03T23:17:12.153Z,True
2026-09-08T15:50:20Z,id1002375568932612,Sweden,Romania,2026-09-25T18:45:00.000Z,23755,paddypower,draw,4.6,2026-09-07T13:53:37.644Z,True
2026-09-08T15:50:20Z,id1002375568932612,Sweden,Romania,2026-09-25T18:45:00.000Z,23755,paddypower,away,6.0,2026-09-03T23:17:12.153Z,True
2026-09-08T15:50:20Z,id1002375568932752,Hungary,Ukraine,2026-09-25T18:45:00.000Z,23755,paddypower,home,2.3,2026-09-08T13:57:27.421Z,True
2026-09-08T15:50:20Z,id1002375568932752,Hungary,Ukraine,2026-09-25T18:45:00.000Z,23755,paddypower,draw,3.4,2026-09-08T13:57:27.421Z,True
2026-09-08T15:50:20Z,id1002375568932752,Hungary,Ukraine,2026-09-25T18:45:00.000Z,23755,paddypower,away,3.1,2026-09-03T23:32:36.540Z,True
2026-09-08T15:50:20Z,id1002375568932780,Slovenia,Scotland,2026-09-26T13:00:00.000Z,23755,paddypower,home,2.63,2026-09-03T23:32:36.540Z,True
2026-09-08T15:50:20Z,id1002375568932780,Slovenia,Scotland,2026-09-26T13:00:00.000Z,23755,paddypower,draw,3.3,2026-09-03T23:32:36.540Z,True
2026-09-08T15:50:20Z,id1002375568932780,Slovenia,Scotland,2026-09-26T13:00:00.000Z,23755,paddypower,away,2.63,2026-09-03T23:32:36.540Z,True
2026-09-08T15:50:20Z,id1002375568932262,Bulgaria,Luxembourg,2026-09-26T16:00:00.000Z,23755,paddypower,home,1.87,2026-09-03T23:17:35.395Z,True
2026-09-08T15:50:20Z,id1002375568932262,Bulgaria,Luxembourg,2026-09-26T16:00:00.000Z,23755,paddypower,draw,3.4,2026-09-03T23:17:35.395Z,True
2026-09-08T15:50:20Z,id1002375568932262,Bulgaria,Luxembourg,2026-09-26T16:00:00.000Z,23755,paddypower,away,4.33,2026-09-03T23:17:35.395Z,True
2026-09-08T15:50:20Z,id1002375568932264,Iceland,Estonia,2026-09-26T16:00:00.000Z,23755,paddypower,home,1.33,2026-09-03T23:10:32.691Z,True
2026-09-08T15:50:20Z,id1002375568932264,Iceland,Estonia,2026-09-26T16:00:00.000Z,23755,paddypower,draw,4.75,2026-09-03T23:10:32.691Z,True
2026-09-08T15:50:20Z,id1002375568932264,Iceland,Estonia,2026-09-26T16:00:00.000Z,23755,paddypower,away,9.5,2026-09-03T23:10:32.691Z,True
2026-09-08T15:50:20Z,id1002375568932502,San Marino,Finland,2026-09-26T16:00:00.000Z,23755,paddypower,home,41.0,2026-09-03T23:17:11.678Z,True
2026-09-08T15:50:20Z,id1002375568932502,San Marino,Finland,2026-09-26T16:00:00.000Z,23755,paddypower,draw,10.5,2026-09-03T23:17:11.678Z,True
2026-09-08T15:50:20Z,id1002375568932502,San Marino,Finland,2026-09-26T16:00:00.000Z,23755,paddypower,away,1.07,2026-09-03T23:17:11.678Z,True
2026-09-08T15:50:20Z,id1002375568931644,Czechia,Croatia,2026-09-26T18:45:00.000Z,23755,paddypower,home,3.1,2026-09-06T10:38:33.760Z,True
2026-09-08T15:50:20Z,id1002375568931644,Czechia,Croatia,2026-09-26T18:45:00.000Z,23755,paddypower,draw,3.75,2026-09-06T10:38:33.760Z,True
2026-09-08T15:50:20Z,id1002375568931644,Czechia,Croatia,2026-09-26T18:45:00.000Z,23755,paddypower,away,2.15,2026-09-06T10:38:33.760Z,True
2026-09-08T15:50:20Z,id1002375568931646,England,Spain,2026-09-26T18:45:00.000Z,23755,paddypower,home,2.63,2026-09-03T23:32:35.318Z,True
2026-09-08T15:50:20Z,id1002375568931646,England,Spain,2026-09-26T18:45:00.000Z,23755,paddypower,draw,3.6,2026-09-03T23:32:35.318Z,True
2026-09-08T15:50:20Z,id1002375568931646,England,Spain,2026-09-26T18:45:00.000Z,23755,paddypower,away,2.6,2026-09-03T23:32:35.318Z,True
2026-09-08T15:50:20Z,id1002375568932358,Slovakia,Moldova,2026-09-26T18:45:00.000Z,23755,paddypower,home,1.3,2026-09-03T23:24:09.098Z,True
2026-09-08T15:50:20Z,id1002375568932358,Slovakia,Moldova,2026-09-26T18:45:00.000Z,23755,paddypower,draw,5.0,2026-09-03T23:24:09.098Z,True
2026-09-08T15:50:20Z,id1002375568932358,Slovakia,Moldova,2026-09-26T18:45:00.000Z,23755,paddypower,away,10.5,2026-09-03T23:24:09.098Z,True
2026-09-08T15:50:20Z,id1002375568932504,Albania,Belarus,2026-09-26T18:45:00.000Z,23755,paddypower,home,1.4,2026-09-01T06:30:48.980Z,True
2026-09-08T15:50:20Z,id1002375568932504,Albania,Belarus,2026-09-26T18:45:00.000Z,23755,paddypower,draw,4.33,2026-09-01T06:30:48.980Z,True
2026-09-08T15:50:20Z,id1002375568932504,Albania,Belarus,2026-09-26T18:45:00.000Z,23755,paddypower,away,8.5,2026-09-01T06:30:48.980Z,True
2026-09-08T15:50:20Z,id1002375568932782,North Macedonia,Switzerland,2026-09-26T18:45:00.000Z,23755,paddypower,home,6.5,2026-08-24T09:48:44.632Z,True
2026-09-08T15:50:20Z,id1002375568932782,North Macedonia,Switzerland,2026-09-26T18:45:00.000Z,23755,paddypower,draw,4.33,2026-08-24T09:48:44.632Z,True
2026-09-08T15:50:20Z,id1002375568932782,North Macedonia,Switzerland,2026-09-26T18:45:00.000Z,23755,paddypower,away,1.47,2026-08-24T09:48:44.632Z,True
2026-09-08T15:50:20Z,id1002375568931516,Serbia,Netherlands,2026-09-27T16:00:00.000Z,23755,paddypower,home,5.0,2026-08-25T02:17:53.008Z,True
2026-09-08T15:50:20Z,id1002375568931516,Serbia,Netherlands,2026-09-27T16:00:00.000Z,23755,paddypower,draw,3.9,2026-09-01T06:30:54.096Z,True
2026-09-08T15:50:20Z,id1002375568931516,Serbia,Netherlands,2026-09-27T16:00:00.000Z,23755,paddypower,away,1.73,2026-09-01T06:30:54.096Z,True
2026-09-08T15:50:20Z,id1002375568931812,Denmark,Wales,2026-09-27T16:00:00.000Z,23755,paddypower,home,1.7,2026-08-25T02:00:17.760Z,True
2026-09-08T15:50:20Z,id1002375568931812,Denmark,Wales,2026-09-27T16:00:00.000Z,23755,paddypower,draw,3.8,2026-08-25T02:00:17.760Z,True
2026-09-08T15:50:20Z,id1002375568931812,Denmark,Wales,2026-09-27T16:00:00.000Z,23755,paddypower,away,5.0,2026-09-03T23:19:35.726Z,True
2026-09-08T15:50:20Z,id1002375568932724,Austria,Kosovo,2026-09-27T16:00:00.000Z,23755,paddypower,home,1.4,2026-08-25T01:58:55.470Z,True
2026-09-08T15:50:20Z,id1002375568932724,Austria,Kosovo,2026-09-27T16:00:00.000Z,23755,paddypower,draw,4.6,2026-08-25T01:58:55.470Z,True
2026-09-08T15:50:20Z,id1002375568932724,Austria,Kosovo,2026-09-27T16:00:00.000Z,23755,paddypower,away,7.0,2026-08-25T01:58:55.470Z,True
2026-09-08T15:50:20Z,id1002375568932808,Gibraltar,Andorra,2026-09-27T16:00:00.000Z,23755,paddypower,home,2.63,2026-08-25T02:00:15.605Z,True
2026-09-08T15:50:20Z,id1002375568932808,Gibraltar,Andorra,2026-09-27T16:00:00.000Z,23755,paddypower,draw,2.8,2026-09-01T01:10:31.548Z,True
2026-09-08T15:50:20Z,id1002375568932808,Gibraltar,Andorra,2026-09-27T16:00:00.000Z,23755,paddypower,away,2.63,2026-09-01T01:10:31.548Z,True
2026-09-08T15:50:20Z,id1002375568931520,Germany,Greece,2026-09-27T18:45:00.000Z,23755,paddypower,home,1.22,2026-09-03T23:24:10.176Z,True
2026-09-08T15:50:20Z,id1002375568931520,Germany,Greece,2026-09-27T18:45:00.000Z,23755,paddypower,draw,6.5,2026-09-03T23:24:10.176Z,True
2026-09-08T15:50:20Z,id1002375568931520,Germany,Greece,2026-09-27T18:45:00.000Z,23755,paddypower,away,13.0,2026-09-03T23:24:10.176Z,True
2026-09-08T15:50:20Z,id1002375568931814,Norway,Portugal,2026-09-27T18:45:00.000Z,23755,paddypower,home,2.88,2026-09-03T23:19:03.510Z,True
2026-09-08T15:50:20Z,id1002375568931814,Norway,Portugal,2026-09-27T18:45:00.000Z,23755,paddypower,draw,3.8,2026-09-03T23:19:03.510Z,True
2026-09-08T15:50:20Z,id1002375568931814,Norway,Portugal,2026-09-27T18:45:00.000Z,23755,paddypower,away,2.3,2026-09-03T23:19:03.510Z,True
2026-09-08T15:50:20Z,id1002375568932726,Israel,Ireland,2026-09-27T18:45:00.000Z,23755,paddypower,home,3.0,2026-08-25T02:00:18.578Z,True
2026-09-08T15:50:20Z,id1002375568932726,Israel,Ireland,2026-09-27T18:45:00.000Z,23755,paddypower,draw,3.5,2026-08-25T02:00:18.578Z,True
2026-09-08T15:50:20Z,id1002375568932726,Israel,Ireland,2026-09-27T18:45:00.000Z,23755,paddypower,away,2.3,2026-08-25T02:00:18.578Z,True
2026-09-08T15:50:20Z,id1002375568932754,Georgia,Ukraine,2026-09-28T16:00:00.000Z,23755,paddypower,home,2.88,2026-08-25T02:00:18.578Z,True
2026-09-08T15:50:20Z,id1002375568932754,Georgia,Ukraine,2026-09-28T16:00:00.000Z,23755,paddypower,draw,3.4,2026-08-25T02:00:18.578Z,True
2026-09-08T15:50:20Z,id1002375568932754,Georgia,Ukraine,2026-09-28T16:00:00.000Z,23755,paddypower,away,2.4,2026-08-25T02:00:18.578Z,True
2026-09-08T15:50:20Z,id1002375568931480,Turkiye,Italy,2026-09-28T18:45:00.000Z,23755,paddypower,home,3.0,2026-09-04T20:16:11.202Z,True
2026-09-08T15:50:20Z,id1002375568931480,Turkiye,Italy,2026-09-28T18:45:00.000Z,23755,paddypower,draw,3.5,2026-09-04T20:16:11.202Z,True
2026-09-08T15:50:20Z,id1002375568931480,Turkiye,Italy,2026-09-28T18:45:00.000Z,23755,paddypower,away,2.3,2026-09-04T20:16:11.202Z,True
2026-09-08T15:50:20Z,id1002375568932360,Moldova,Faroe Islands,2026-09-29T16:00:00.000Z,23755,paddypower,home,2.3,2026-09-03T23:11:57.049Z,True
2026-09-08T15:50:20Z,id1002375568932360,Moldova,Faroe Islands,2026-09-29T16:00:00.000Z,23755,paddypower,draw,3.2,2026-09-03T23:11:57.049Z,True
2026-09-08T15:50:20Z,id1002375568932360,Moldova,Faroe Islands,2026-09-29T16:00:00.000Z,23755,paddypower,away,3.2,2026-09-03T23:11:57.049Z,True
2026-09-08T15:50:20Z,id1002375568932266,Bulgaria,Estonia,2026-09-29T18:45:00.000Z,23755,paddypower,home,1.55,2026-09-07T15:27:47.796Z,True
2026-09-08T15:50:20Z,id1002375568932266,Bulgaria,Estonia,2026-09-29T18:45:00.000Z,23755,paddypower,draw,3.75,2026-09-02T18:22:06.002Z,True
2026-09-08T15:50:20Z,id1002375568932266,Bulgaria,Estonia,2026-09-29T18:45:00.000Z,23755,paddypower,away,6.5,2026-09-07T15:27:47.796Z,True
2026-09-08T15:50:20Z,id1002375568932362,Slovakia,Kazakhstan,2026-09-29T18:45:00.000Z,23755,paddypower,home,1.3,2026-09-07T18:57:20.949Z,True
2026-09-08T15:50:20Z,id1002375568932362,Slovakia,Kazakhstan,2026-09-29T18:45:00.000Z,23755,paddypower,draw,5.0,2026-09-04T20:21:52.441Z,True
2026-09-08T15:50:20Z,id1002375568932362,Slovakia,Kazakhstan,2026-09-29T18:45:00.000Z,23755,paddypower,away,11.0,2026-09-07T18:57:20.949Z,True
2026-09-08T15:50:20Z,id1002375568932508,San Marino,Albania,2026-09-29T18:45:00.000Z,23755,paddypower,home,76.0,2026-09-02T20:00:08.567Z,True
2026-09-08T15:50:20Z,id1002375568932508,San Marino,Albania,2026-09-29T18:45:00.000Z,23755,paddypower,draw,17.0,2026-09-04T18:25:30.163Z,True
2026-09-08T15:50:20Z,id1002375568932508,San Marino,Albania,2026-09-29T18:45:00.000Z,23755,paddypower,away,1.04,2026-09-02T18:20:41.798Z,True
2026-09-08T15:50:20Z,id1000000774165868,AEK Athens,LASK Linz,2026-09-08T16:45:00.000Z,7,ladbrokes,home,1.67,2026-09-08T14:29:15.622Z,True
2026-09-08T15:50:20Z,id1000000774165868,AEK Athens,LASK Linz,2026-09-08T16:45:00.000Z,7,ladbrokes,draw,4.2,2026-09-08T14:29:15.622Z,True
2026-09-08T15:50:20Z,id1000000774165868,AEK Athens,LASK Linz,2026-09-08T16:45:00.000Z,7,ladbrokes,away,4.4,2026-09-08T14:29:15.622Z,True
2026-09-08T15:50:20Z,id1000000774165870,Club Brugge,Aston Villa,2026-09-08T16:45:00.000Z,7,ladbrokes,home,2.5,2026-09-08T14:19:02.734Z,True
2026-09-08T15:50:20Z,id1000000774165870,Club Brugge,Aston Villa,2026-09-08T16:45:00.000Z,7,ladbrokes,draw,3.5,2026-09-08T14:19:02.734Z,True
2026-09-08T15:50:20Z,id1000000774165870,Club Brugge,Aston Villa,2026-09-08T16:45:00.000Z,7,ladbrokes,away,2.62,2026-09-08T14:19:02.734Z,True
2026-09-08T15:50:20Z,id1000001872339792,Blackburn Rovers,Sheffield United,2026-09-08T18:45:00.000Z,18,ladbrokes,home,2.9,2026-09-08T08:18:11.597Z,True
2026-09-08T15:50:20Z,id1000001872339792,Blackburn Rovers,Sheffield United,2026-09-08T18:45:00.000Z,18,ladbrokes,draw,3.4,2026-09-06T13:58:59.466Z,True
2026-09-08T15:50:20Z,id1000001872339792,Blackburn Rovers,Sheffield United,2026-09-08T18:45:00.000Z,18,ladbrokes,away,2.3,2026-09-08T08:18:11.597Z,True
2026-09-08T15:50:20Z,id1000001872339798,Cardiff City,Stoke City,2026-09-08T18:45:00.000Z,18,ladbrokes,home,2.05,2026-09-08T06:22:04.076Z,True
2026-09-08T15:50:20Z,id1000001872339798,Cardiff City,Stoke City,2026-09-08T18:45:00.000Z,18,ladbrokes,draw,3.7,2026-09-07T07:01:07.754Z,True
2026-09-08T15:50:20Z,id1000001872339798,Cardiff City,Stoke City,2026-09-08T18:45:00.000Z,18,ladbrokes,away,3.3,2026-09-08T06:22:04.076Z,True
2026-09-08T15:50:20Z,id1000001872339802,Southampton FC,Swansea City,2026-09-08T18:45:00.000Z,18,ladbrokes,home,1.83,2026-09-08T09:42:17.274Z,True
2026-09-08T15:50:20Z,id1000001872339802,Southampton FC,Swansea City,2026-09-08T18:45:00.000Z,18,ladbrokes,draw,3.75,2026-09-08T09:42:17.274Z,True
2026-09-08T15:50:20Z,id1000001872339802,Southampton FC,Swansea City,2026-09-08T18:45:00.000Z,18,ladbrokes,away,4.0,2026-09-08T09:42:17.274Z,True
2026-09-08T15:50:20Z,id1000001872339804,Watford FC,Preston North End,2026-09-08T18:45:00.000Z,18,ladbrokes,home,2.1,2026-09-08T08:18:13.691Z,True
2026-09-08T15:50:20Z,id1000001872339804,Watford FC,Preston North End,2026-09-08T18:45:00.000Z,18,ladbrokes,draw,3.4,2026-09-06T13:59:02.663Z,True
2026-09-08T15:50:20Z,id1000001872339804,Watford FC,Preston North End,2026-09-08T18:45:00.000Z,18,ladbrokes,away,3.5,2026-09-08T08:09:41.609Z,True
2026-09-08T15:50:20Z,id1000001872339814,Wrexham AFC,Burnley FC,2026-09-08T18:45:00.000Z,18,ladbrokes,home,2.0,2026-09-08T08:09:41.968Z,True
2026-09-08T15:50:20Z,id1000001872339814,Wrexham AFC,Burnley FC,2026-09-08T18:45:00.000Z,18,ladbrokes,draw,3.4,2026-09-08T11:38:59.902Z,True
2026-09-08T15:50:20Z,id1000001872339814,Wrexham AFC,Burnley FC,2026-09-08T18:45:00.000Z,18,ladbrokes,away,3.6,2026-09-08T11:38:59.902Z,True
2026-09-08T15:50:20Z,id1000000774165872,Borussia Dortmund,Villarreal CF,2026-09-08T19:00:00.000Z,7,ladbrokes,home,1.75,2026-09-07T09:00:17.633Z,True
2026-09-08T15:50:20Z,id1000000774165872,Borussia Dortmund,Villarreal CF,2026-09-08T19:00:00.000Z,7,ladbrokes,draw,4.0,2026-08-30T04:17:58.920Z,True
2026-09-08T15:50:20Z,id1000000774165872,Borussia Dortmund,Villarreal CF,2026-09-08T19:00:00.000Z,7,ladbrokes,away,3.9,2026-09-08T11:40:18.645Z,True
2026-09-08T15:50:20Z,id1000000774165874,FC Porto,Manchester City,2026-09-08T19:00:00.000Z,7,ladbrokes,home,4.8,2026-09-08T14:29:13.139Z,True
2026-09-08T15:50:20Z,id1000000774165874,FC Porto,Manchester City,2026-09-08T19:00:00.000Z,7,ladbrokes,draw,4.0,2026-09-08T14:29:13.139Z,True
2026-09-08T15:50:20Z,id1000000774165874,FC Porto,Manchester City,2026-09-08T19:00:00.000Z,7,ladbrokes,away,1.65,2026-09-08T14:29:13.139Z,True
2026-09-08T15:50:20Z,id1000000774165876,Lille OSC,Real Betis Seville,2026-09-08T19:00:00.000Z,7,ladbrokes,home,2.2,2026-09-08T15:41:34.456Z,True
2026-09-08T15:50:20Z,id1000000774165876,Lille OSC,Real Betis Seville,2026-09-08T19:00:00.000Z,7,ladbrokes,draw,3.5,2026-09-08T13:12:15.967Z,True
2026-09-08T15:50:20Z,id1000000774165876,Lille OSC,Real Betis Seville,2026-09-08T19:00:00.000Z,7,ladbrokes,away,3.1,2026-09-08T15:41:34.456Z,True
2026-09-08T15:50:20Z,id1000000774165878,Real Madrid,Inter Milano,2026-09-08T19:00:00.000Z,7,ladbrokes,home,1.55,2026-09-08T14:33:30.850Z,True
2026-09-08T15:50:20Z,id1000000774165878,Real Madrid,Inter Milano,2026-09-08T19:00:00.000Z,7,ladbrokes,draw,4.5,2026-09-08T09:35:57.652Z,True
2026-09-08T15:50:20Z,id1000000774165878,Real Madrid,Inter Milano,2026-09-08T19:00:00.000Z,7,ladbrokes,away,5.0,2026-09-08T14:33:30.850Z,True
2026-09-08T15:50:20Z,id1000001872339794,Bolton Wanderers,West Ham United,2026-09-08T19:00:00.000Z,18,ladbrokes,home,4.8,2026-09-08T15:06:17.903Z,True
2026-09-08T15:50:20Z,id1000001872339794,Bolton Wanderers,West Ham United,2026-09-08T19:00:00.000Z,18,ladbrokes,draw,4.2,2026-09-08T15:06:17.903Z,True
2026-09-08T15:50:20Z,id1000001872339794,Bolton Wanderers,West Ham United,2026-09-08T19:00:00.000Z,18,ladbrokes,away,1.61,2026-09-08T13:20:44.967Z,True
2026-09-08T15:50:20Z,id1000000774165880,FC Barcelona,Feyenoord Rotterdam,2026-09-09T16:45:00.000Z,7,ladbrokes,home,1.11,2026-09-07T00:51:06.756Z,True
2026-09-08T15:50:20Z,id1000000774165880,FC Barcelona,Feyenoord Rotterdam,2026-09-09T16:45:00.000Z,7,ladbrokes,draw,12.0,2026-09-08T14:56:23.481Z,True
2026-09-08T15:50:20Z,id1000000774165880,FC Barcelona,Feyenoord Rotterdam,2026-09-09T16:45:00.000Z,7,ladbrokes,away,17.0,2026-09-08T14:56:23.481Z,True
2026-09-08T15:50:20Z,id1000000774165882,VfB Stuttgart,Viking FK,2026-09-09T16:45:00.000Z,7,ladbrokes,home,1.25,2026-08-30T17:41:42.180Z,True
2026-09-08T15:50:20Z,id1000000774165882,VfB Stuttgart,Viking FK,2026-09-09T16:45:00.000Z,7,ladbrokes,draw,7.0,2026-09-07T08:39:36.983Z,True
2026-09-08T15:50:20Z,id1000000774165882,VfB Stuttgart,Viking FK,2026-09-09T16:45:00.000Z,7,ladbrokes,away,8.5,2026-09-08T08:13:32.342Z,True
2026-09-08T15:50:20Z,id1000001872339810,Derby County,West Bromwich Albion,2026-09-09T18:45:00.000Z,18,ladbrokes,home,2.87,2026-09-08T08:18:13.410Z,True
2026-09-08T15:50:20Z,id1000001872339810,Derby County,West Bromwich Albion,2026-09-09T18:45:00.000Z,18,ladbrokes,draw,3.4,2026-09-06T13:59:01.275Z,True
2026-09-08T15:50:20Z,id1000001872339810,Derby County,West Bromwich Albion,2026-09-09T18:45:00.000Z,18,ladbrokes,away,2.37,2026-09-06T13:59:01.275Z,True
2026-09-08T15:50:20Z,id1000001872339812,Norwich City,Birmingham City,2026-09-09T18:45:00.000Z,18,ladbrokes,home,1.95,2026-09-07T17:32:15.841Z,True
2026-09-08T15:50:20Z,id1000001872339812,Norwich City,Birmingham City,2026-09-09T18:45:00.000Z,18,ladbrokes,draw,3.6,2026-09-07T17:32:15.841Z,True
2026-09-08T15:50:20Z,id1000001872339812,Norwich City,Birmingham City,2026-09-09T18:45:00.000Z,18,ladbrokes,away,3.7,2026-09-08T08:26:43.782Z,True
2026-09-08T15:50:20Z,id1000000774165884,Liverpool FC,Atletico Madrid,2026-09-09T19:00:00.000Z,7,ladbrokes,home,1.7,2026-09-07T08:42:39.019Z,True
2026-09-08T15:50:20Z,id1000000774165884,Liverpool FC,Atletico Madrid,2026-09-09T19:00:00.000Z,7,ladbrokes,draw,4.0,2026-09-06T17:16:20.432Z,True
2026-09-08T15:50:20Z,id1000000774165884,Liverpool FC,Atletico Madrid,2026-09-09T19:00:00.000Z,7,ladbrokes,away,4.5,2026-09-06T17:16:20.432Z,True
2026-09-08T15:50:20Z,id1000000774165886,Paris Saint-Germain,SK Slovan Bratislava,2026-09-09T19:00:00.000Z,7,ladbrokes,home,1.06,2026-08-30T09:49:28.323Z,True
2026-09-08T15:50:20Z,id1000000774165886,Paris Saint-Germain,SK Slovan Bratislava,2026-09-09T19:00:00.000Z,7,ladbrokes,draw,15.0,2026-09-08T08:14:47.271Z,True
2026-09-08T15:50:20Z,id1000000774165886,Paris Saint-Germain,SK Slovan Bratislava,2026-09-09T19:00:00.000Z,7,ladbrokes,away,26.0,2026-09-08T08:14:47.271Z,True
2026-09-08T15:50:20Z,id1000000774165888,Sporting CP,Galatasaray Istanbul,2026-09-09T19:00:00.000Z,7,ladbrokes,home,1.83,2026-09-06T19:27:26.002Z,True
2026-09-08T15:50:20Z,id1000000774165888,Sporting CP,Galatasaray Istanbul,2026-09-09T19:00:00.000Z,7,ladbrokes,draw,3.8,2026-09-08T08:16:13.301Z,True
2026-09-08T15:50:20Z,id1000000774165888,Sporting CP,Galatasaray Istanbul,2026-09-09T19:00:00.000Z,7,ladbrokes,away,4.0,2026-09-08T08:17:36.507Z,True
2026-09-08T15:50:20Z,id1000000774165890,SSC Napoli,Arsenal FC,2026-09-09T19:00:00.000Z,7,ladbrokes,home,4.6,2026-09-07T08:42:52.643Z,True
2026-09-08T15:50:20Z,id1000000774165890,SSC Napoli,Arsenal FC,2026-09-09T19:00:00.000Z,7,ladbrokes,draw,3.6,2026-09-08T08:17:52.039Z,True
2026-09-08T15:50:20Z,id1000000774165890,SSC Napoli,Arsenal FC,2026-09-09T19:00:00.000Z,7,ladbrokes,away,1.75,2026-09-07T02:45:53.844Z,True
2026-09-08T15:50:20Z,id1000001872339808,Charlton Athletic,Queens Park Rangers,2026-09-09T19:00:00.000Z,18,ladbrokes,home,3.0,2026-09-06T13:59:02.953Z,True
2026-09-08T15:50:20Z,id1000001872339808,Charlton Athletic,Queens Park Rangers,2026-09-09T19:00:00.000Z,18,ladbrokes,draw,3.4,2026-09-06T13:59:02.953Z,True
2026-09-08T15:50:20Z,id1000001872339808,Charlton Athletic,Queens Park Rangers,2026-09-09T19:00:00.000Z,18,ladbrokes,away,2.3,2026-09-08T08:28:35.723Z,True
2026-09-08T15:50:20Z,id1000000774165892,Fenerbahce Istanbul,AS Roma,2026-09-10T16:45:00.000Z,7,ladbrokes,home,3.25,2026-09-08T12:31:21.493Z,True
2026-09-08T15:50:20Z,id1000000774165892,Fenerbahce Istanbul,AS Roma,2026-09-10T16:45:00.000Z,7,ladbrokes,draw,3.5,2026-09-07T04:09:42.963Z,True
2026-09-08T15:50:20Z,id1000000774165892,Fenerbahce Istanbul,AS Roma,2026-09-10T16:45:00.000Z,7,ladbrokes,away,2.1,2026-09-08T12:31:21.493Z,True
2026-09-08T15:50:20Z,id1000000774165894,PSV Eindhoven,FC Shakhtar Donetsk,2026-09-10T16:45:00.000Z,7,ladbrokes,home,1.44,2026-08-30T18:28:34.019Z,True
2026-09-08T15:50:20Z,id1000000774165894,PSV Eindhoven,FC Shakhtar Donetsk,2026-09-10T16:45:00.000Z,7,ladbrokes,draw,4.8,2026-09-06T23:39:42.300Z,True
2026-09-08T15:50:20Z,id1000000774165894,PSV Eindhoven,FC Shakhtar Donetsk,2026-09-10T16:45:00.000Z,7,ladbrokes,away,6.0,2026-09-03T12:13:52.413Z,True
2026-09-08T15:50:20Z,id1000000774165896,Como 1907,RB Leipzig,2026-09-10T19:00:00.000Z,7,ladbrokes,home,1.91,2026-09-08T10:25:10.159Z,True
2026-09-08T15:50:20Z,id1000000774165896,Como 1907,RB Leipzig,2026-09-10T19:00:00.000Z,7,ladbrokes,draw,3.8,2026-09-08T10:25:10.159Z,True
2026-09-08T15:50:20Z,id1000000774165896,Como 1907,RB Leipzig,2026-09-10T19:00:00.000Z,7,ladbrokes,away,3.7,2026-09-07T06:04:20.425Z,True
2026-09-08T15:50:20Z,id1000000774165898,Bayern Munich,Bodoe/Glimt,2026-09-10T19:00:00.000Z,7,ladbrokes,home,1.12,2026-09-07T09:58:36.340Z,True
2026-09-08T15:50:20Z,id1000000774165898,Bayern Munich,Bodoe/Glimt,2026-09-10T19:00:00.000Z,7,ladbrokes,draw,11.0,2026-09-06T12:30:22.649Z,True
2026-09-08T15:50:20Z,id1000000774165898,Bayern Munich,Bodoe/Glimt,2026-09-10T19:00:00.000Z,7,ladbrokes,away,15.0,2026-09-07T09:58:36.340Z,True
2026-09-08T15:50:20Z,id1000000774165900,Manchester United,Sabah Masazir,2026-09-10T19:00:00.000Z,7,ladbrokes,home,1.12,2026-09-07T08:50:05.271Z,True
2026-09-08T15:50:20Z,id1000000774165900,Manchester United,Sabah Masazir,2026-09-10T19:00:00.000Z,7,ladbrokes,draw,10.0,2026-09-07T16:27:51.482Z,True
2026-09-08T15:50:20Z,id1000000774165900,Manchester United,Sabah Masazir,2026-09-10T19:00:00.000Z,7,ladbrokes,away,17.0,2026-09-07T05:15:32.033Z,True
2026-09-08T15:50:20Z,id1000000774165902,Slavia Prague,Racing Club De Lens,2026-09-10T19:00:00.000Z,7,ladbrokes,home,2.5,2026-09-08T00:33:16.698Z,True
2026-09-08T15:50:20Z,id1000000774165902,Slavia Prague,Racing Club De Lens,2026-09-10T19:00:00.000Z,7,ladbrokes,draw,3.4,2026-09-08T00:33:16.698Z,True
2026-09-08T15:50:20Z,id1000000774165902,Slavia Prague,Racing Club De Lens,2026-09-10T19:00:00.000Z,7,ladbrokes,away,2.7,2026-09-08T00:33:16.698Z,True
2026-09-08T15:50:20Z,id1000000872478562,Sevilla FC,Valencia CF,2026-09-11T19:00:00.000Z,8,ladbrokes,home,2.3,2026-09-08T14:24:09.183Z,True
2026-09-08T15:50:20Z,id1000000872478562,Sevilla FC,Valencia CF,2026-09-11T19:00:00.000Z,8,ladbrokes,draw,3.1,2026-09-06T08:40:55.531Z,True
2026-09-08T15:50:20Z,id1000000872478562,Sevilla FC,Valencia CF,2026-09-11T19:00:00.000Z,8,ladbrokes,away,3.25,2026-09-08T14:24:09.183Z,True
2026-09-08T15:50:20Z,id1000001872339838,West Ham United,Wrexham AFC,2026-09-11T19:00:00.000Z,18,ladbrokes,home,1.55,2026-09-06T13:59:05.528Z,True
2026-09-08T15:50:20Z,id1000001872339838,West Ham United,Wrexham AFC,2026-09-11T19:00:00.000Z,18,ladbrokes,draw,4.33,2026-09-06T13:59:05.528Z,True
2026-09-08T15:50:20Z,id1000001872339838,West Ham United,Wrexham AFC,2026-09-11T19:00:00.000Z,18,ladbrokes,away,5.25,2026-09-06T13:59:05.528Z,True
2026-09-08T15:50:20Z,id1000032566887012,Coritiba FC PR,CA Paranaense PR,2026-09-12T00:00:00.000Z,325,ladbrokes,home,2.75,2026-09-08T01:11:45.386Z,True
2026-09-08T15:50:20Z,id1000032566887012,Coritiba FC PR,CA Paranaense PR,2026-09-12T00:00:00.000Z,325,ladbrokes,draw,3.1,2026-09-08T01:11:45.386Z,True
2026-09-08T15:50:20Z,id1000032566887012,Coritiba FC PR,CA Paranaense PR,2026-09-12T00:00:00.000Z,325,ladbrokes,away,2.62,2026-09-08T01:11:45.386Z,True
2026-09-08T15:50:20Z,id1000001872339818,Bolton Wanderers,Cardiff City,2026-09-12T11:30:00.000Z,18,ladbrokes,home,2.62,2026-09-06T13:59:02.786Z,True
2026-09-08T15:50:20Z,id1000001872339818,Bolton Wanderers,Cardiff City,2026-09-12T11:30:00.000Z,18,ladbrokes,draw,3.6,2026-09-06T13:59:02.786Z,True
2026-09-08T15:50:20Z,id1000001872339818,Bolton Wanderers,Cardiff City,2026-09-12T11:30:00.000Z,18,ladbrokes,away,2.45,2026-09-06T13:59:02.786Z,True
2026-09-08T15:50:20Z,id1000001872339822,Derby County,Birmingham City,2026-09-12T11:30:00.000Z,18,ladbrokes,home,3.1,2026-09-06T13:59:03.431Z,True
2026-09-08T15:50:20Z,id1000001872339822,Derby County,Birmingham City,2026-09-12T11:30:00.000Z,18,ladbrokes,draw,3.4,2026-09-06T13:59:03.431Z,True
2026-09-08T15:50:20Z,id1000001872339822,Derby County,Birmingham City,2026-09-12T11:30:00.000Z,18,ladbrokes,away,2.2,2026-09-06T13:59:03.431Z,True
2026-09-08T15:50:20Z,id1000001872339836,West Bromwich Albion,Queens Park Rangers,2026-09-12T11:30:00.000Z,18,ladbrokes,home,1.95,2026-09-06T13:59:05.197Z,True
2026-09-08T15:50:20Z,id1000001872339836,West Bromwich Albion,Queens Park Rangers,2026-09-12T11:30:00.000Z,18,ladbrokes,draw,3.7,2026-09-06T13:59:05.197Z,True
2026-09-08T15:50:20Z,id1000001872339836,West Bromwich Albion,Queens Park Rangers,2026-09-12T11:30:00.000Z,18,ladbrokes,away,3.6,2026-09-06T13:59:05.197Z,True
2026-09-08T15:50:20Z,id1000001772221252,Aston Villa,Nottingham Forest,2026-09-12T14:00:00.000Z,17,ladbrokes,home,2.15,2026-09-08T07:22:23.600Z,True
2026-09-08T15:50:20Z,id1000001772221252,Aston Villa,Nottingham Forest,2026-09-12T14:00:00.000Z,17,ladbrokes,draw,3.3,2026-09-06T17:34:38.191Z,True
2026-09-08T15:50:20Z,id1000001772221252,Aston Villa,Nottingham Forest,2026-09-12T14:00:00.000Z,17,ladbrokes,away,3.2,2026-09-08T07:22:23.600Z,True
2026-09-08T15:50:20Z,id1000001772221254,AFC Bournemouth,Brentford FC,2026-09-12T14:00:00.000Z,17,ladbrokes,home,2.45,2026-09-07T19:33:03.148Z,True
2026-09-08T15:50:20Z,id1000001772221254,AFC Bournemouth,Brentford FC,2026-09-12T14:00:00.000Z,17,ladbrokes,draw,3.3,2026-09-06T08:29:21.652Z,True
2026-09-08T15:50:20Z,id1000001772221254,AFC Bournemouth,Brentford FC,2026-09-12T14:00:00.000Z,17,ladbrokes,away,2.62,2026-09-07T19:33:03.148Z,True
2026-09-08T15:50:20Z,id1000001772221256,Chelsea FC,Hull City,2026-09-12T14:00:00.000Z,17,ladbrokes,home,1.22,2026-09-06T19:37:11.354Z,True
2026-09-08T15:50:20Z,id1000001772221256,Chelsea FC,Hull City,2026-09-12T14:00:00.000Z,17,ladbrokes,draw,6.0,2026-09-06T19:37:11.354Z,True
2026-09-08T15:50:20Z,id1000001772221256,Chelsea FC,Hull City,2026-09-12T14:00:00.000Z,17,ladbrokes,away,10.0,2026-09-06T19:37:11.354Z,True
2026-09-08T15:50:20Z,id1000001772221260,Crystal Palace,Ipswich Town,2026-09-12T14:00:00.000Z,17,ladbrokes,home,1.85,2026-09-07T16:05:47.223Z,True
2026-09-08T15:50:20Z,id1000001772221260,Crystal Palace,Ipswich Town,2026-09-12T14:00:00.000Z,17,ladbrokes,draw,3.6,2026-09-06T17:41:33.387Z,True
2026-09-08T15:50:20Z,id1000001772221260,Crystal Palace,Ipswich Town,2026-09-12T14:00:00.000Z,17,ladbrokes,away,3.7,2026-09-07T16:05:47.223Z,True
2026-09-08T15:50:20Z,id1000001772221264,Liverpool FC,Fulham FC,2026-09-12T14:00:00.000Z,17,ladbrokes,home,1.44,2026-09-06T08:29:25.105Z,True
2026-09-08T15:50:20Z,id1000001772221264,Liverpool FC,Fulham FC,2026-09-12T14:00:00.000Z,17,ladbrokes,draw,4.8,2026-09-06T09:56:57.851Z,True
2026-09-08T15:50:20Z,id1000001772221264,Liverpool FC,Fulham FC,2026-09-12T14:00:00.000Z,17,ladbrokes,away,5.5,2026-09-06T08:29:25.105Z,True
2026-09-08T15:50:20Z,id1000001872339816,Blackburn Rovers,Millwall FC,2026-09-12T14:00:00.000Z,18,ladbrokes,home,2.87,2026-09-07T02:13:32.773Z,True
2026-09-08T15:50:20Z,id1000001872339816,Blackburn Rovers,Millwall FC,2026-09-12T14:00:00.000Z,18,ladbrokes,draw,3.4,2026-09-06T15:09:38.229Z,True
2026-09-08T15:50:20Z,id1000001872339816,Blackburn Rovers,Millwall FC,2026-09-12T14:00:00.000Z,18,ladbrokes,away,2.4,2026-09-06T15:09:38.229Z,True
2026-09-08T15:50:20Z,id1000001872339820,Charlton Athletic,Portsmouth FC,2026-09-12T14:00:00.000Z,18,ladbrokes,home,2.6,2026-09-06T13:59:03.101Z,True
2026-09-08T15:50:20Z,id1000001872339820,Charlton Athletic,Portsmouth FC,2026-09-12T14:00:00.000Z,18,ladbrokes,draw,3.2,2026-09-06T13:59:03.101Z,True
2026-09-08T15:50:20Z,id1000001872339820,Charlton Athletic,Portsmouth FC,2026-09-12T14:00:00.000Z,18,ladbrokes,away,2.75,2026-09-06T13:59:03.101Z,True
2026-09-08T15:50:20Z,id1000001872339824,Middlesbrough FC,Norwich City,2026-09-12T14:00:00.000Z,18,ladbrokes,home,1.8,2026-09-06T13:59:03.708Z,True
2026-09-08T15:50:20Z,id1000001872339824,Middlesbrough FC,Norwich City,2026-09-12T14:00:00.000Z,18,ladbrokes,draw,3.9,2026-09-06T13:59:03.708Z,True
2026-09-08T15:50:20Z,id1000001872339824,Middlesbrough FC,Norwich City,2026-09-12T14:00:00.000Z,18,ladbrokes,away,4.0,2026-09-06T13:59:03.708Z,True
2026-09-08T15:50:20Z,id1000001872339826,Preston North End,Lincoln City,2026-09-12T14:00:00.000Z,18,ladbrokes,home,2.3,2026-09-06T13:59:04.015Z,True
2026-09-08T15:50:20Z,id1000001872339826,Preston North End,Lincoln City,2026-09-12T14:00:00.000Z,18,ladbrokes,draw,3.5,2026-09-06T13:59:04.015Z,True
2026-09-08T15:50:20Z,id1000001872339826,Preston North End,Lincoln City,2026-09-12T14:00:00.000Z,18,ladbrokes,away,2.9,2026-09-06T13:59:04.015Z,True
2026-09-08T15:50:20Z,id1000001872339830,Southampton FC,Bristol City,2026-09-12T14:00:00.000Z,18,ladbrokes,home,1.6,2026-09-06T15:09:38.582Z,True
2026-09-08T15:50:20Z,id1000001872339830,Southampton FC,Bristol City,2026-09-12T14:00:00.000Z,18,ladbrokes,draw,4.33,2026-09-06T15:09:38.582Z,True
2026-09-08T15:50:20Z,id1000001872339830,Southampton FC,Bristol City,2026-09-12T14:00:00.000Z,18,ladbrokes,away,4.8,2026-09-06T15:09:38.582Z,True
2026-09-08T15:50:20Z,id1000001872339832,Swansea City,Burnley FC,2026-09-12T14:00:00.000Z,18,ladbrokes,home,2.15,2026-09-06T13:59:04.593Z,True
2026-09-08T15:50:20Z,id1000001872339832,Swansea City,Burnley FC,2026-09-12T14:00:00.000Z,18,ladbrokes,draw,3.6,2026-09-06T13:59:04.593Z,True
2026-09-08T15:50:20Z,id1000001872339832,Swansea City,Burnley FC,2026-09-12T14:00:00.000Z,18,ladbrokes,away,3.0,2026-09-06T13:59:04.593Z,True
2026-09-08T15:50:20Z,id1000001872339834,Watford FC,Stoke City,2026-09-12T14:00:00.000Z,18,ladbrokes,home,2.5,2026-09-06T13:59:04.891Z,True
2026-09-08T15:50:20Z,id1000001872339834,Watford FC,Stoke City,2026-09-12T14:00:00.000Z,18,ladbrokes,draw,3.4,2026-09-06T13:59:04.891Z,True
2026-09-08T15:50:20Z,id1000001872339834,Watford FC,Stoke City,2026-09-12T14:00:00.000Z,18,ladbrokes,away,2.7,2026-09-06T13:59:04.891Z,True
2026-09-08T15:50:20Z,id1000000872478554,CA Osasuna,Espanyol Barcelona,2026-09-12T14:15:00.000Z,8,ladbrokes,home,2.05,2026-09-08T13:12:19.987Z,True
2026-09-08T15:50:20Z,id1000000872478554,CA Osasuna,Espanyol Barcelona,2026-09-12T14:15:00.000Z,8,ladbrokes,draw,3.2,2026-09-08T13:12:19.987Z,True
2026-09-08T15:50:20Z,id1000000872478554,CA Osasuna,Espanyol Barcelona,2026-09-12T14:15:00.000Z,8,ladbrokes,away,3.75,2026-09-08T13:12:19.987Z,True
2026-09-08T15:50:20Z,id1000000872478546,Athletic Bilbao,Elche CF,2026-09-12T16:30:00.000Z,8,ladbrokes,home,1.44,2026-09-07T21:28:02.402Z,True
2026-09-08T15:50:20Z,id1000000872478546,Athletic Bilbao,Elche CF,2026-09-12T16:30:00.000Z,8,ladbrokes,draw,4.6,2026-09-07T21:28:02.402Z,True
2026-09-08T15:50:20Z,id1000000872478546,Athletic Bilbao,Elche CF,2026-09-12T16:30:00.000Z,8,ladbrokes,away,7.0,2026-09-07T21:52:15.244Z,True
2026-09-08T15:50:20Z,id1000001772221270,Tottenham Hotspur,Everton FC,2026-09-12T16:30:00.000Z,17,ladbrokes,home,2.0,2026-09-08T02:56:11.272Z,True
2026-09-08T15:50:20Z,id1000001772221270,Tottenham Hotspur,Everton FC,2026-09-12T16:30:00.000Z,17,ladbrokes,draw,3.4,2026-09-06T08:29:26.595Z,True
2026-09-08T15:50:20Z,id1000001772221270,Tottenham Hotspur,Everton FC,2026-09-12T16:30:00.000Z,17,ladbrokes,away,3.4,2026-09-08T02:56:11.272Z,True
2026-09-08T15:50:20Z,id1000001772221268,Sunderland AFC,Arsenal FC,2026-09-12T19:00:00.000Z,17,ladbrokes,home,6.5,2026-09-07T09:50:19.575Z,True
2026-09-08T15:50:20Z,id1000001772221268,Sunderland AFC,Arsenal FC,2026-09-12T19:00:00.000Z,17,ladbrokes,draw,4.0,2026-09-06T08:29:26.054Z,True
2026-09-08T15:50:20Z,id1000001772221268,Sunderland AFC,Arsenal FC,2026-09-12T19:00:00.000Z,17,ladbrokes,away,1.48,2026-09-06T08:29:26.054Z,True
2026-09-08T15:50:20Z,id1000032566887008,Atletico Mineiro MG,Fluminense FC RJ,2026-09-12T19:00:00.000Z,325,ladbrokes,home,2.2,2026-09-08T11:24:20.877Z,True
2026-09-08T15:50:20Z,id1000032566887008,Atletico Mineiro MG,Fluminense FC RJ,2026-09-12T19:00:00.000Z,325,ladbrokes,draw,3.2,2026-09-04T21:12:28.633Z,True
2026-09-08T15:50:20Z,id1000032566887008,Atletico Mineiro MG,Fluminense FC RJ,2026-09-12T19:00:00.000Z,325,ladbrokes,away,3.3,2026-09-08T11:24:20.877Z,True
2026-09-08T15:50:20Z,id1000032566887010,Gremio FB Porto Alegrense RS,CR Vasco da Gama RJ,2026-09-12T19:00:00.000Z,325,ladbrokes,home,2.25,2026-09-07T23:27:50.365Z,True
2026-09-08T15:50:20Z,id1000032566887010,Gremio FB Porto Alegrense RS,CR Vasco da Gama RJ,2026-09-12T19:00:00.000Z,325,ladbrokes,draw,3.3,2026-09-08T01:45:37.875Z,True
2026-09-08T15:50:20Z,id1000032566887010,Gremio FB Porto Alegrense RS,CR Vasco da Gama RJ,2026-09-12T19:00:00.000Z,325,ladbrokes,away,3.2,2026-09-08T01:45:37.875Z,True
2026-09-08T15:50:20Z,id1000032566887016,Chapecoense SC,SC Internacional RS,2026-09-12T20:00:00.000Z,325,ladbrokes,home,3.2,2026-09-08T04:59:55.441Z,True
2026-09-08T15:50:20Z,id1000032566887016,Chapecoense SC,SC Internacional RS,2026-09-12T20:00:00.000Z,325,ladbrokes,draw,3.4,2026-09-08T03:27:00.974Z,True
2026-09-08T15:50:20Z,id1000032566887016,Chapecoense SC,SC Internacional RS,2026-09-12T20:00:00.000Z,325,ladbrokes,away,2.2,2026-09-08T04:59:55.441Z,True
2026-09-08T15:50:20Z,id1000032566887004,SE Palmeiras SP,Sao Paulo FC SP,2026-09-12T21:30:00.000Z,325,ladbrokes,home,1.67,2026-09-04T22:21:52.859Z,True
2026-09-08T15:50:20Z,id1000032566887004,SE Palmeiras SP,Sao Paulo FC SP,2026-09-12T21:30:00.000Z,325,ladbrokes,draw,3.7,2026-09-04T22:21:52.859Z,True
2026-09-08T15:50:20Z,id1000032566887004,SE Palmeiras SP,Sao Paulo FC SP,2026-09-12T21:30:00.000Z,325,ladbrokes,away,5.0,2026-09-04T22:21:52.859Z,True
2026-09-08T15:50:20Z,id1000032566887000,Botafogo FR RJ,Red Bull Bragantino SP,2026-09-12T23:30:00.000Z,325,ladbrokes,home,2.3,2026-09-08T05:00:59.654Z,True
2026-09-08T15:50:20Z,id1000032566887000,Botafogo FR RJ,Red Bull Bragantino SP,2026-09-12T23:30:00.000Z,325,ladbrokes,draw,3.4,2026-09-08T05:00:59.654Z,True
2026-09-08T15:50:20Z,id1000032566887000,Botafogo FR RJ,Red Bull Bragantino SP,2026-09-12T23:30:00.000Z,325,ladbrokes,away,3.0,2026-09-08T05:00:59.654Z,True
2026-09-08T15:50:20Z,id1000032566887002,Santos FC SP,Cruzeiro EC MG,2026-09-13T00:00:00.000Z,325,ladbrokes,home,2.5,2026-09-07T23:11:54.402Z,True
2026-09-08T15:50:20Z,id1000032566887002,Santos FC SP,Cruzeiro EC MG,2026-09-13T00:00:00.000Z,325,ladbrokes,draw,3.3,2026-09-07T10:10:43.862Z,True
2026-09-08T15:50:20Z,id1000032566887002,Santos FC SP,Cruzeiro EC MG,2026-09-13T00:00:00.000Z,325,ladbrokes,away,2.75,2026-09-07T23:11:54.402Z,True
2026-09-08T15:50:20Z,id1000000872478558,Real Madrid,Rayo Vallecano,2026-09-13T07:00:00.000Z,8,ladbrokes,home,1.15,2026-09-06T09:07:25.927Z,True
2026-09-08T15:50:20Z,id1000000872478558,Real Madrid,Rayo Vallecano,2026-09-13T07:00:00.000Z,8,ladbrokes,draw,8.0,2026-09-06T09:07:25.927Z,True
2026-09-08T15:50:20Z,id1000000872478558,Real Madrid,Rayo Vallecano,2026-09-13T07:00:00.000Z,8,ladbrokes,away,15.0,2026-09-07T06:05:55.148Z,True
2026-09-08T15:50:20Z,id1000001872339828,Sheffield United,Wolverhampton Wanderers,2026-09-13T11:00:00.000Z,18,ladbrokes,home,2.9,2026-09-07T10:22:40.131Z,True
2026-09-08T15:50:20Z,id1000001872339828,Sheffield United,Wolverhampton Wanderers,2026-09-13T11:00:00.000Z,18,ladbrokes,draw,3.6,2026-09-07T10:22:40.131Z,True
2026-09-08T15:50:20Z,id1000001872339828,Sheffield United,Wolverhampton Wanderers,2026-09-13T11:00:00.000Z,18,ladbrokes,away,2.25,2026-09-07T10:22:40.131Z,True
2026-09-08T15:50:20Z,id1000000872478548,RC Celta de Vigo,Malaga CF,2026-09-13T12:00:00.000Z,8,ladbrokes,home,1.73,2026-09-08T13:39:17.885Z,True
2026-09-08T15:50:20Z,id1000000872478548,RC Celta de Vigo,Malaga CF,2026-09-13T12:00:00.000Z,8,ladbrokes,draw,3.7,2026-09-08T13:39:17.885Z,True
2026-09-08T15:50:20Z,id1000000872478548,RC Celta de Vigo,Malaga CF,2026-09-13T12:00:00.000Z,8,ladbrokes,away,4.8,2026-09-08T13:39:17.885Z,True
2026-09-08T15:50:20Z,id1000001772221258,Coventry City,Brighton & Hove Albion,2026-09-13T13:00:00.000Z,17,ladbrokes,home,3.9,2026-09-08T13:02:33.189Z,True
2026-09-08T15:50:20Z,id1000001772221258,Coventry City,Brighton & Hove Albion,2026-09-13T13:00:00.000Z,17,ladbrokes,draw,3.5,2026-09-08T13:02:33.189Z,True
2026-09-08T15:50:20Z,id1000001772221258,Coventry City,Brighton & Hove Albion,2026-09-13T13:00:00.000Z,17,ladbrokes,away,1.83,2026-09-08T13:02:33.189Z,True
2026-09-08T15:50:20Z,id1000000872478552,Levante UD,FC Barcelona,2026-09-13T14:15:00.000Z,8,ladbrokes,home,10.0,2026-09-06T22:09:13.162Z,True
2026-09-08T15:50:20Z,id1000000872478552,Levante UD,FC Barcelona,2026-09-13T14:15:00.000Z,8,ladbrokes,draw,7.0,2026-09-06T22:09:13.162Z,True
2026-09-08T15:50:20Z,id1000000872478552,Levante UD,FC Barcelona,2026-09-13T14:15:00.000Z,8,ladbrokes,away,1.22,2026-09-06T22:09:13.162Z,True
2026-09-08T15:50:20Z,id1000001772221266,Manchester United,Manchester City,2026-09-13T15:30:00.000Z,17,ladbrokes,home,3.0,2026-09-06T08:29:25.570Z,True
2026-09-08T15:50:20Z,id1000001772221266,Manchester United,Manchester City,2026-09-13T15:30:00.000Z,17,ladbrokes,draw,3.7,2026-09-06T08:29:25.570Z,True
2026-09-08T15:50:20Z,id1000001772221266,Manchester United,Manchester City,2026-09-13T15:30:00.000Z,17,ladbrokes,away,2.05,2026-09-06T08:29:25.570Z,True
2026-09-08T15:50:20Z,id1000000872478550,Getafe CF,RC Deportivo de A Coruna,2026-09-13T16:30:00.000Z,8,ladbrokes,home,2.3,2026-09-08T13:13:13.697Z,True
2026-09-08T15:50:20Z,id1000000872478550,Getafe CF,RC Deportivo de A Coruna,2026-09-13T16:30:00.000Z,8,ladbrokes,draw,2.87,2026-09-06T15:12:44.621Z,True
2026-09-08T15:50:20Z,id1000000872478550,Getafe CF,RC Deportivo de A Coruna,2026-09-13T16:30:00.000Z,8,ladbrokes,away,3.5,2026-09-08T13:13:13.697Z,True
2026-09-08T15:50:20Z,id1000000872478556,Racing Santander,Deportivo Alaves,2026-09-13T19:00:00.000Z,8,ladbrokes,home,2.3,2026-09-06T08:39:10.614Z,True
2026-09-08T15:50:20Z,id1000000872478556,Racing Santander,Deportivo Alaves,2026-09-13T19:00:00.000Z,8,ladbrokes,draw,3.5,2026-09-06T08:39:10.614Z,True
2026-09-08T15:50:20Z,id1000000872478556,Racing Santander,Deportivo Alaves,2026-09-13T19:00:00.000Z,8,ladbrokes,away,2.87,2026-09-06T08:39:10.614Z,True
2026-09-08T15:50:20Z,id1000000872478560,Real Sociedad San Sebastian,Atletico Madrid,2026-09-13T19:00:00.000Z,8,ladbrokes,home,2.8,2026-09-07T21:29:25.756Z,True
2026-09-08T15:50:20Z,id1000000872478560,Real Sociedad San Sebastian,Atletico Madrid,2026-09-13T19:00:00.000Z,8,ladbrokes,draw,3.6,2026-09-07T21:29:25.756Z,True
2026-09-08T15:50:20Z,id1000000872478560,Real Sociedad San Sebastian,Atletico Madrid,2026-09-13T19:00:00.000Z,8,ladbrokes,away,2.3,2026-09-07T19:22:28.638Z,True
2026-09-08T15:50:20Z,id1000032566887006,Mirassol FC SP,EC Vitoria BA,2026-09-13T19:00:00.000Z,325,ladbrokes,home,1.8,2026-09-08T05:02:28.318Z,True
2026-09-08T15:50:20Z,id1000032566887006,Mirassol FC SP,EC Vitoria BA,2026-09-13T19:00:00.000Z,325,ladbrokes,draw,3.6,2026-09-08T05:02:28.318Z,True
2026-09-08T15:50:20Z,id1000032566887006,Mirassol FC SP,EC Vitoria BA,2026-09-13T19:00:00.000Z,325,ladbrokes,away,4.2,2026-09-08T01:48:00.770Z,True
2026-09-08T15:50:20Z,id1000032566886998,CR Flamengo RJ,SC Corinthians SP,2026-09-13T20:30:00.000Z,325,ladbrokes,home,1.44,2026-09-08T05:02:05.039Z,True
2026-09-08T15:50:20Z,id1000032566886998,CR Flamengo RJ,SC Corinthians SP,2026-09-13T20:30:00.000Z,325,ladbrokes,draw,4.4,2026-09-08T01:47:45.389Z,True
2026-09-08T15:50:20Z,id1000032566886998,CR Flamengo RJ,SC Corinthians SP,2026-09-13T20:30:00.000Z,325,ladbrokes,away,7.0,2026-09-08T11:42:53.251Z,True
2026-09-08T15:50:20Z,id1000000872478564,Villarreal CF,Real Betis Seville,2026-09-14T19:00:00.000Z,8,ladbrokes,home,1.91,2026-09-06T11:17:16.765Z,True
2026-09-08T15:50:20Z,id1000000872478564,Villarreal CF,Real Betis Seville,2026-09-14T19:00:00.000Z,8,ladbrokes,draw,3.7,2026-09-06T11:17:16.765Z,True
2026-09-08T15:50:20Z,id1000000872478564,Villarreal CF,Real Betis Seville,2026-09-14T19:00:00.000Z,8,ladbrokes,away,3.75,2026-09-07T20:18:50.894Z,True
2026-09-08T15:50:20Z,id1000001772221262,Leeds United,Newcastle United,2026-09-14T19:00:00.000Z,17,ladbrokes,home,2.3,2026-09-07T17:06:14.928Z,True
2026-09-08T15:50:20Z,id1000001772221262,Leeds United,Newcastle United,2026-09-14T19:00:00.000Z,17,ladbrokes,draw,3.4,2026-09-06T08:29:24.563Z,True
2026-09-08T15:50:20Z,id1000001772221262,Leeds United,Newcastle United,2026-09-14T19:00:00.000Z,17,ladbrokes,away,2.75,2026-09-07T17:06:14.928Z,True
2026-09-08T15:50:20Z,id1000032566887014,EC Bahia BA,Clube do Remo PA,2026-09-14T23:00:00.000Z,325,ladbrokes,home,1.44,2026-09-07T00:35:00.808Z,True
2026-09-08T15:50:20Z,id1000032566887014,EC Bahia BA,Clube do Remo PA,2026-09-14T23:00:00.000Z,325,ladbrokes,draw,4.6,2026-09-07T10:50:24.556Z,True
2026-09-08T15:50:20Z,id1000032566887014,EC Bahia BA,Clube do Remo PA,2026-09-14T23:00:00.000Z,325,ladbrokes,away,6.5,2026-09-08T05:09:26.601Z,True
2026-09-08T15:50:20Z,id1000000872478568,Atletico Madrid,CA Osasuna,2026-09-16T17:00:00.000Z,8,ladbrokes,home,1.53,2026-09-07T07:04:21.395Z,False
2026-09-08T15:50:20Z,id1000000872478568,Atletico Madrid,CA Osasuna,2026-09-16T17:00:00.000Z,8,ladbrokes,draw,4.2,2026-09-07T07:04:21.395Z,False
2026-09-08T15:50:20Z,id1000000872478568,Atletico Madrid,CA Osasuna,2026-09-16T17:00:00.000Z,8,ladbrokes,away,6.0,2026-09-07T07:04:21.395Z,False
2026-09-08T15:50:20Z,id1000000872478572,RC Deportivo de A Coruna,Sevilla FC,2026-09-16T17:00:00.000Z,8,ladbrokes,home,2.45,2026-09-07T07:06:02.835Z,False
2026-09-08T15:50:20Z,id1000000872478572,RC Deportivo de A Coruna,Sevilla FC,2026-09-16T17:00:00.000Z,8,ladbrokes,draw,3.1,2026-09-07T07:06:02.835Z,False
2026-09-08T15:50:20Z,id1000000872478572,RC Deportivo de A Coruna,Sevilla FC,2026-09-16T17:00:00.000Z,8,ladbrokes,away,3.0,2026-09-07T07:06:02.835Z,False
2026-09-08T15:50:20Z,id1000000872478576,FC Barcelona,Racing Santander,2026-09-16T19:30:00.000Z,8,ladbrokes,home,1.11,2026-09-07T07:06:02.238Z,False
2026-09-08T15:50:20Z,id1000000872478576,FC Barcelona,Racing Santander,2026-09-16T19:30:00.000Z,8,ladbrokes,draw,11.0,2026-09-07T07:06:02.238Z,False
2026-09-08T15:50:20Z,id1000000872478576,FC Barcelona,Racing Santander,2026-09-16T19:30:00.000Z,8,ladbrokes,away,17.0,2026-09-07T07:06:02.238Z,False
2026-09-08T15:50:20Z,id1000000872478578,Levante UD,Athletic Bilbao,2026-09-16T19:30:00.000Z,8,ladbrokes,home,3.0,2026-09-07T07:06:21.136Z,False
2026-09-08T15:50:20Z,id1000000872478578,Levante UD,Athletic Bilbao,2026-09-16T19:30:00.000Z,8,ladbrokes,draw,3.4,2026-09-07T07:06:21.136Z,False
2026-09-08T15:50:20Z,id1000000872478578,Levante UD,Athletic Bilbao,2026-09-16T19:30:00.000Z,8,ladbrokes,away,2.3,2026-09-07T07:06:21.136Z,False
2026-09-08T15:50:20Z,id1000000872478570,Real Betis Seville,Getafe CF,2026-09-17T17:00:00.000Z,8,ladbrokes,home,1.85,2026-09-07T07:06:01.901Z,False
2026-09-08T15:50:20Z,id1000000872478570,Real Betis Seville,Getafe CF,2026-09-17T17:00:00.000Z,8,ladbrokes,draw,3.4,2026-09-07T07:06:01.901Z,False
2026-09-08T15:50:20Z,id1000000872478570,Real Betis Seville,Getafe CF,2026-09-17T17:00:00.000Z,8,ladbrokes,away,4.33,2026-09-07T07:06:01.901Z,False
2026-09-08T15:50:20Z,id1000000872478580,Malaga CF,Villarreal CF,2026-09-17T19:30:00.000Z,8,ladbrokes,home,3.5,2026-09-07T07:06:03.145Z,False
2026-09-08T15:50:20Z,id1000000872478580,Malaga CF,Villarreal CF,2026-09-17T19:30:00.000Z,8,ladbrokes,draw,3.6,2026-09-07T07:06:03.145Z,False
2026-09-08T15:50:20Z,id1000000872478580,Malaga CF,Villarreal CF,2026-09-17T19:30:00.000Z,8,ladbrokes,away,2.0,2026-09-07T07:06:03.145Z,False
2026-09-08T15:50:20Z,id1000000872478594,Espanyol Barcelona,Elche CF,2026-09-18T19:00:00.000Z,8,ladbrokes,home,2.05,2026-09-07T07:04:35.921Z,False
2026-09-08T15:50:20Z,id1000000872478594,Espanyol Barcelona,Elche CF,2026-09-18T19:00:00.000Z,8,ladbrokes,draw,3.3,2026-09-07T07:04:35.921Z,False
2026-09-08T15:50:20Z,id1000000872478594,Espanyol Barcelona,Elche CF,2026-09-18T19:00:00.000Z,8,ladbrokes,away,3.7,2026-09-07T07:04:35.921Z,False
2026-09-08T15:50:20Z,id1000001772221290,Tottenham Hotspur,Aston Villa,2026-09-19T11:30:00.000Z,17,ladbrokes,home,2.0,2026-09-07T07:11:53.867Z,False
2026-09-08T15:50:20Z,id1000001772221290,Tottenham Hotspur,Aston Villa,2026-09-19T11:30:00.000Z,17,ladbrokes,draw,3.4,2026-09-07T07:11:53.867Z,False
2026-09-08T15:50:20Z,id1000001772221290,Tottenham Hotspur,Aston Villa,2026-09-19T11:30:00.000Z,17,ladbrokes,away,3.4,2026-09-07T07:11:53.867Z,False
2026-09-08T15:50:20Z,id1000001772221276,Brighton & Hove Albion,Arsenal FC,2026-09-19T14:00:00.000Z,17,ladbrokes,home,4.0,2026-09-07T07:11:45.284Z,False
2026-09-08T15:50:20Z,id1000001772221276,Brighton & Hove Albion,Arsenal FC,2026-09-19T14:00:00.000Z,17,ladbrokes,draw,3.6,2026-09-07T07:11:45.284Z,False
2026-09-08T15:50:20Z,id1000001772221276,Brighton & Hove Albion,Arsenal FC,2026-09-19T14:00:00.000Z,17,ladbrokes,away,1.8,2026-09-07T07:11:45.284Z,False
2026-09-08T15:50:20Z,id1000001772221278,Everton FC,Ipswich Town,2026-09-19T14:00:00.000Z,17,ladbrokes,home,1.67,2026-09-07T07:10:52.171Z,False
2026-09-08T15:50:20Z,id1000001772221278,Everton FC,Ipswich Town,2026-09-19T14:00:00.000Z,17,ladbrokes,draw,3.7,2026-09-07T07:10:52.171Z,False
2026-09-08T15:50:20Z,id1000001772221278,Everton FC,Ipswich Town,2026-09-19T14:00:00.000Z,17,ladbrokes,away,4.5,2026-09-07T07:10:52.171Z,False
2026-09-08T15:50:20Z,id1000001772221286,Newcastle United,Hull City,2026-09-19T14:00:00.000Z,17,ladbrokes,home,1.48,2026-09-07T07:12:27.910Z,False
2026-09-08T15:50:20Z,id1000001772221286,Newcastle United,Hull City,2026-09-19T14:00:00.000Z,17,ladbrokes,draw,4.33,2026-09-07T07:12:27.910Z,False
2026-09-08T15:50:20Z,id1000001772221286,Newcastle United,Hull City,2026-09-19T14:00:00.000Z,17,ladbrokes,away,5.5,2026-09-07T07:12:27.910Z,False
2026-09-08T15:50:20Z,id1000001772221288,Nottingham Forest,Coventry City,2026-09-19T16:30:00.000Z,17,ladbrokes,home,1.8,2026-09-07T07:11:52.865Z,False
2026-09-08T15:50:20Z,id1000001772221288,Nottingham Forest,Coventry City,2026-09-19T16:30:00.000Z,17,ladbrokes,draw,3.6,2026-09-07T07:11:52.865Z,False
2026-09-08T15:50:20Z,id1000001772221288,Nottingham Forest,Coventry City,2026-09-19T16:30:00.000Z,17,ladbrokes,away,3.9,2026-09-07T07:11:52.865Z,False
2026-09-08T15:50:20Z,id1000001772221272,AFC Bournemouth,Liverpool FC,2026-09-20T13:00:00.000Z,17,ladbrokes,home,3.0,2026-09-07T07:11:44.277Z,False
2026-09-08T15:50:20Z,id1000001772221272,AFC Bournemouth,Liverpool FC,2026-09-20T13:00:00.000Z,17,ladbrokes,draw,3.7,2026-09-07T07:11:44.277Z,False
2026-09-08T15:50:20Z,id1000001772221272,AFC Bournemouth,Liverpool FC,2026-09-20T13:00:00.000Z,17,ladbrokes,away,2.05,2026-09-07T07:11:44.277Z,False
2026-09-08T15:50:20Z,id1000001772221282,Leeds United,Crystal Palace,2026-09-20T13:00:00.000Z,17,ladbrokes,home,2.0,2026-09-07T07:12:06.374Z,False
2026-09-08T15:50:20Z,id1000001772221282,Leeds United,Crystal Palace,2026-09-20T13:00:00.000Z,17,ladbrokes,draw,3.4,2026-09-07T07:12:06.374Z,False
2026-09-08T15:50:20Z,id1000001772221282,Leeds United,Crystal Palace,2026-09-20T13:00:00.000Z,17,ladbrokes,away,3.4,2026-09-07T07:12:06.374Z,False
2026-09-08T15:50:20Z,id1000001772221284,Manchester City,Sunderland AFC,2026-09-20T13:00:00.000Z,17,ladbrokes,home,1.25,2026-09-07T07:11:44.786Z,False
2026-09-08T15:50:20Z,id1000001772221284,Manchester City,Sunderland AFC,2026-09-20T13:00:00.000Z,17,ladbrokes,draw,5.75,2026-09-07T07:11:44.786Z,False
2026-09-08T15:50:20Z,id1000001772221284,Manchester City,Sunderland AFC,2026-09-20T13:00:00.000Z,17,ladbrokes,away,8.5,2026-09-07T07:11:44.786Z,False
2026-09-08T15:50:20Z,id1000001772221280,Fulham FC,Manchester United,2026-09-20T15:30:00.000Z,17,ladbrokes,home,3.4,2026-09-07T07:12:35.430Z,False
2026-09-08T15:50:20Z,id1000001772221280,Fulham FC,Manchester United,2026-09-20T15:30:00.000Z,17,ladbrokes,draw,3.6,2026-09-07T07:12:35.430Z,False
2026-09-08T15:50:20Z,id1000001772221280,Fulham FC,Manchester United,2026-09-20T15:30:00.000Z,17,ladbrokes,away,1.95,2026-09-07T07:12:35.430Z,False
2026-09-08T15:50:20Z,id1000067974172914,FC Ararat-Armenia,Sparta Prague,2026-09-16T16:45:00.000Z,679,ladbrokes,home,4.6,2026-09-05T04:46:55.466Z,True
2026-09-08T15:50:20Z,id1000067974172914,FC Ararat-Armenia,Sparta Prague,2026-09-16T16:45:00.000Z,679,ladbrokes,draw,4.0,2026-09-02T22:19:08.896Z,True
2026-09-08T15:50:20Z,id1000067974172914,FC Ararat-Armenia,Sparta Prague,2026-09-16T16:45:00.000Z,679,ladbrokes,away,1.67,2026-09-05T04:46:55.466Z,True
2026-09-08T15:50:20Z,id1000067974172916,AC Omonia Nicosia,RC Celta de Vigo,2026-09-16T16:45:00.000Z,679,ladbrokes,home,4.0,2026-09-07T20:05:46.415Z,True
2026-09-08T15:50:20Z,id1000067974172916,AC Omonia Nicosia,RC Celta de Vigo,2026-09-16T16:45:00.000Z,679,ladbrokes,draw,3.6,2026-09-02T22:19:09.136Z,True
2026-09-08T15:50:20Z,id1000067974172916,AC Omonia Nicosia,RC Celta de Vigo,2026-09-16T16:45:00.000Z,679,ladbrokes,away,1.85,2026-09-07T20:05:46.415Z,True
2026-09-08T15:50:20Z,id1000067974172918,AC Milan,SL Benfica,2026-09-16T19:00:00.000Z,679,ladbrokes,home,2.05,2026-09-04T04:13:19.921Z,True
2026-09-08T15:50:20Z,id1000067974172918,AC Milan,SL Benfica,2026-09-16T19:00:00.000Z,679,ladbrokes,draw,3.6,2026-09-05T14:09:14.302Z,True
2026-09-08T15:50:20Z,id1000067974172918,AC Milan,SL Benfica,2026-09-16T19:00:00.000Z,679,ladbrokes,away,3.3,2026-09-04T04:13:19.921Z,True
2026-09-08T15:50:20Z,id1000067974172920,Bayer Leverkusen,NK Celje,2026-09-16T19:00:00.000Z,679,ladbrokes,home,1.2,2026-09-02T22:19:09.724Z,True
2026-09-08T15:50:20Z,id1000067974172920,Bayer Leverkusen,NK Celje,2026-09-16T19:00:00.000Z,679,ladbrokes,draw,7.5,2026-09-02T22:19:09.724Z,True
2026-09-08T15:50:20Z,id1000067974172920,Bayer Leverkusen,NK Celje,2026-09-16T19:00:00.000Z,679,ladbrokes,away,11.0,2026-09-02T22:19:09.724Z,True
2026-09-08T15:50:20Z,id1000067974172922,Hapoel Be`er Sheva FC,GNK Dinamo Zagreb,2026-09-16T19:00:00.000Z,679,ladbrokes,home,3.3,2026-09-02T22:19:10.128Z,True
2026-09-08T15:50:20Z,id1000067974172922,Hapoel Be`er Sheva FC,GNK Dinamo Zagreb,2026-09-16T19:00:00.000Z,679,ladbrokes,draw,3.7,2026-09-02T22:19:10.128Z,True
2026-09-08T15:50:20Z,id1000067974172922,Hapoel Be`er Sheva FC,GNK Dinamo Zagreb,2026-09-16T19:00:00.000Z,679,ladbrokes,away,2.05,2026-09-02T22:19:10.128Z,True
2026-09-08T15:50:20Z,id1000067974172924,Olympiacos Piraeus,Jagiellonia Bialystok,2026-09-16T19:00:00.000Z,679,ladbrokes,home,1.36,2026-09-02T22:19:10.318Z,True
2026-09-08T15:50:20Z,id1000067974172924,Olympiacos Piraeus,Jagiellonia Bialystok,2026-09-16T19:00:00.000Z,679,ladbrokes,draw,5.0,2026-09-02T22:19:10.318Z,True
2026-09-08T15:50:20Z,id1000067974172924,Olympiacos Piraeus,Jagiellonia Bialystok,2026-09-16T19:00:00.000Z,679,ladbrokes,away,7.5,2026-09-02T22:19:10.318Z,True
2026-09-08T15:50:20Z,id1000067974172926,RSC Anderlecht,Olympique Lyon,2026-09-16T19:00:00.000Z,679,ladbrokes,home,3.4,2026-09-02T22:19:10.649Z,True
2026-09-08T15:50:20Z,id1000067974172926,RSC Anderlecht,Olympique Lyon,2026-09-16T19:00:00.000Z,679,ladbrokes,draw,3.75,2026-09-02T22:19:10.649Z,True
2026-09-08T15:50:20Z,id1000067974172926,RSC Anderlecht,Olympique Lyon,2026-09-16T19:00:00.000Z,679,ladbrokes,away,2.0,2026-09-02T22:19:10.649Z,True
2026-09-08T15:50:20Z,id1000067974172928,SK Sturm Graz,Stade Rennais FC,2026-09-16T19:00:00.000Z,679,ladbrokes,home,3.4,2026-09-06T15:59:07.799Z,True
2026-09-08T15:50:20Z,id1000067974172928,SK Sturm Graz,Stade Rennais FC,2026-09-16T19:00:00.000Z,679,ladbrokes,draw,3.7,2026-09-02T22:19:10.969Z,True
2026-09-08T15:50:20Z,id1000067974172928,SK Sturm Graz,Stade Rennais FC,2026-09-16T19:00:00.000Z,679,ladbrokes,away,2.0,2026-09-06T15:59:07.799Z,True
2026-09-08T15:50:20Z,id1000067974172930,Sunderland AFC,AZ Alkmaar,2026-09-16T19:00:00.000Z,679,ladbrokes,home,1.7,2026-09-02T22:19:11.251Z,True
2026-09-08T15:50:20Z,id1000067974172930,Sunderland AFC,AZ Alkmaar,2026-09-16T19:00:00.000Z,679,ladbrokes,draw,3.9,2026-09-08T05:17:17.908Z,True
2026-09-08T15:50:20Z,id1000067974172930,Sunderland AFC,AZ Alkmaar,2026-09-16T19:00:00.000Z,679,ladbrokes,away,4.5,2026-09-08T05:17:17.908Z,True
2026-09-08T15:50:20Z,id1000067974172932,OFI Crete,TSG Hoffenheim,2026-09-17T16:45:00.000Z,679,ladbrokes,home,6.5,2026-09-05T13:25:31.327Z,True
2026-09-08T15:50:20Z,id1000067974172932,OFI Crete,TSG Hoffenheim,2026-09-17T16:45:00.000Z,679,ladbrokes,draw,4.8,2026-09-07T14:56:23.271Z,True
2026-09-08T15:50:20Z,id1000067974172932,OFI Crete,TSG Hoffenheim,2026-09-17T16:45:00.000Z,679,ladbrokes,away,1.44,2026-09-05T13:25:31.327Z,True
2026-09-08T15:50:20Z,id1000067974172934,PFC Levski Sofia,FC Salzburg,2026-09-17T16:45:00.000Z,679,ladbrokes,home,2.9,2026-09-02T22:19:11.826Z,True
2026-09-08T15:50:20Z,id1000067974172934,PFC Levski Sofia,FC Salzburg,2026-09-17T16:45:00.000Z,679,ladbrokes,draw,3.6,2026-09-02T22:19:11.826Z,True
2026-09-08T15:50:20Z,id1000067974172934,PFC Levski Sofia,FC Salzburg,2026-09-17T16:45:00.000Z,679,ladbrokes,away,2.25,2026-09-02T22:19:11.826Z,True
2026-09-08T15:50:20Z,id1000067974172936,Besiktas Istanbul,Olympique Marseille,2026-09-17T19:00:00.000Z,679,ladbrokes,home,2.15,2026-09-08T09:35:32.403Z,True
2026-09-08T15:50:20Z,id1000067974172936,Besiktas Istanbul,Olympique Marseille,2026-09-17T19:00:00.000Z,679,ladbrokes,draw,3.7,2026-09-08T09:35:32.403Z,True
2026-09-08T15:50:20Z,id1000067974172936,Besiktas Istanbul,Olympique Marseille,2026-09-17T19:00:00.000Z,679,ladbrokes,away,3.0,2026-09-08T09:35:32.403Z,True
2026-09-08T15:50:20Z,id1000067974172938,Celtic Glasgow,Ferencvarosi Budapest,2026-09-17T19:00:00.000Z,679,ladbrokes,home,1.7,2026-09-02T22:19:12.156Z,True
2026-09-08T15:50:20Z,id1000067974172938,Celtic Glasgow,Ferencvarosi Budapest,2026-09-17T19:00:00.000Z,679,ladbrokes,draw,4.2,2026-09-02T22:19:12.156Z,True
2026-09-08T15:50:20Z,id1000067974172938,Celtic Glasgow,Ferencvarosi Budapest,2026-09-17T19:00:00.000Z,679,ladbrokes,away,4.2,2026-09-02T22:19:12.156Z,True
2026-09-08T15:50:20Z,id1000067974172940,Crystal Palace,KKS Lech Poznan,2026-09-17T19:00:00.000Z,679,ladbrokes,home,1.4,2026-09-02T22:19:12.458Z,True
2026-09-08T15:50:20Z,id1000067974172940,Crystal Palace,KKS Lech Poznan,2026-09-17T19:00:00.000Z,679,ladbrokes,draw,4.8,2026-09-02T22:19:12.458Z,True
2026-09-08T15:50:20Z,id1000067974172940,Crystal Palace,KKS Lech Poznan,2026-09-17T19:00:00.000Z,679,ladbrokes,away,7.0,2026-09-02T22:19:12.458Z,True
2026-09-08T15:50:20Z,id1000067974172942,FC Viktoria Plzen,Union Saint-Gilloise,2026-09-17T19:00:00.000Z,679,ladbrokes,home,2.5,2026-09-02T22:19:12.743Z,True
2026-09-08T15:50:20Z,id1000067974172942,FC Viktoria Plzen,Union Saint-Gilloise,2026-09-17T19:00:00.000Z,679,ladbrokes,draw,3.3,2026-09-02T22:19:12.743Z,True
2026-09-08T15:50:20Z,id1000067974172942,FC Viktoria Plzen,Union Saint-Gilloise,2026-09-17T19:00:00.000Z,679,ladbrokes,away,2.75,2026-09-02T22:19:12.743Z,True
2026-09-08T15:50:20Z,id1000067974172944,Juventus Turin,NEC Nijmegen,2026-09-17T19:00:00.000Z,679,ladbrokes,home,1.28,2026-09-07T18:29:43.751Z,True
2026-09-08T15:50:20Z,id1000067974172944,Juventus Turin,NEC Nijmegen,2026-09-17T19:00:00.000Z,679,ladbrokes,draw,5.75,2026-09-02T22:19:14.038Z,True
2026-09-08T15:50:20Z,id1000067974172944,Juventus Turin,NEC Nijmegen,2026-09-17T19:00:00.000Z,679,ladbrokes,away,9.0,2026-09-02T22:19:14.038Z,True
2026-09-08T15:50:20Z,id1000067974172946,Lillestroem SK,SCU Torreense,2026-09-17T19:00:00.000Z,679,ladbrokes,home,1.5,2026-09-02T22:19:14.156Z,True
2026-09-08T15:50:20Z,id1000067974172946,Lillestroem SK,SCU Torreense,2026-09-17T19:00:00.000Z,679,ladbrokes,draw,4.5,2026-09-02T22:19:14.156Z,True
2026-09-08T15:50:20Z,id1000067974172946,Lillestroem SK,SCU Torreense,2026-09-17T19:00:00.000Z,679,ladbrokes,away,5.5,2026-09-02T22:19:14.156Z,True
2026-09-08T15:50:20Z,id1000067974172948,Real Sociedad San Sebastian,AFC Bournemouth,2026-09-17T19:00:00.000Z,679,ladbrokes,home,2.62,2026-09-02T22:19:14.403Z,True
2026-09-08T15:50:20Z,id1000067974172948,Real Sociedad San Sebastian,AFC Bournemouth,2026-09-17T19:00:00.000Z,679,ladbrokes,draw,3.5,2026-09-02T22:19:14.403Z,True
2026-09-08T15:50:20Z,id1000067974172948,Real Sociedad San Sebastian,AFC Bournemouth,2026-09-17T19:00:00.000Z,679,ladbrokes,away,2.5,2026-09-02T22:19:14.403Z,True
2026-09-08T15:50:20Z,id1002375568931508,Netherlands,Germany,2026-09-24T18:45:00.000Z,23755,ladbrokes,home,2.37,2026-09-02T22:19:22.589Z,True
2026-09-08T15:50:20Z,id1002375568931508,Netherlands,Germany,2026-09-24T18:45:00.000Z,23755,ladbrokes,draw,3.6,2026-09-02T22:19:22.589Z,True
2026-09-08T15:50:20Z,id1002375568931508,Netherlands,Germany,2026-09-24T18:45:00.000Z,23755,ladbrokes,away,2.75,2026-09-02T22:19:22.589Z,True
2026-09-08T15:50:20Z,id1002375568931512,Serbia,Greece,2026-09-24T18:45:00.000Z,23755,ladbrokes,home,2.2,2026-09-06T14:49:15.161Z,True
2026-09-08T15:50:20Z,id1002375568931512,Serbia,Greece,2026-09-24T18:45:00.000Z,23755,ladbrokes,draw,3.3,2026-09-06T15:06:54.044Z,True
2026-09-08T15:50:20Z,id1002375568931512,Serbia,Greece,2026-09-24T18:45:00.000Z,23755,ladbrokes,away,3.2,2026-09-06T14:49:15.161Z,True
2026-09-08T15:50:20Z,id1002375568931762,Norway,Denmark,2026-09-24T18:45:00.000Z,23755,ladbrokes,home,2.2,2026-09-03T15:57:00.509Z,True
2026-09-08T15:50:20Z,id1002375568931762,Norway,Denmark,2026-09-24T18:45:00.000Z,23755,ladbrokes,draw,3.5,2026-09-03T15:57:00.509Z,True
2026-09-08T15:50:20Z,id1002375568931762,Norway,Denmark,2026-09-24T18:45:00.000Z,23755,ladbrokes,away,3.0,2026-09-03T15:57:00.509Z,True
2026-09-08T15:50:20Z,id1002375568931810,Portugal,Wales,2026-09-24T18:45:00.000Z,23755,ladbrokes,home,1.28,2026-09-02T22:19:24.103Z,True
2026-09-08T15:50:20Z,id1002375568931810,Portugal,Wales,2026-09-24T18:45:00.000Z,23755,ladbrokes,draw,5.75,2026-09-04T14:46:20.152Z,True
2026-09-08T15:50:20Z,id1002375568931810,Portugal,Wales,2026-09-24T18:45:00.000Z,23755,ladbrokes,away,9.0,2026-09-04T14:50:40.420Z,True
2026-09-08T15:50:20Z,id1002375568932720,Austria,Israel,2026-09-24T18:45:00.000Z,23755,ladbrokes,home,1.35,2026-09-07T16:06:33.893Z,True
2026-09-08T15:50:20Z,id1002375568932720,Austria,Israel,2026-09-24T18:45:00.000Z,23755,ladbrokes,draw,5.25,2026-09-08T13:52:37.219Z,True
2026-09-08T15:50:20Z,id1002375568932720,Austria,Israel,2026-09-24T18:45:00.000Z,23755,ladbrokes,away,8.0,2026-09-08T13:52:37.219Z,True
2026-09-08T15:50:20Z,id1002375568932722,Kosovo,Ireland,2026-09-24T18:45:00.000Z,23755,ladbrokes,home,2.6,2026-09-07T16:06:34.235Z,True
2026-09-08T15:50:20Z,id1002375568932722,Kosovo,Ireland,2026-09-24T18:45:00.000Z,23755,ladbrokes,draw,3.2,2026-09-07T16:06:34.235Z,True
2026-09-08T15:50:20Z,id1002375568932722,Kosovo,Ireland,2026-09-24T18:45:00.000Z,23755,ladbrokes,away,2.7,2026-09-07T16:06:34.235Z,True
2026-09-08T15:50:20Z,id1002375568932750,Georgia,Northern Ireland,2026-09-25T16:00:00.000Z,23755,ladbrokes,home,2.45,2026-09-07T16:06:34.483Z,True
2026-09-08T15:50:20Z,id1002375568932750,Georgia,Northern Ireland,2026-09-25T16:00:00.000Z,23755,ladbrokes,draw,3.5,2026-09-07T16:06:34.483Z,True
2026-09-08T15:50:20Z,id1002375568932750,Georgia,Northern Ireland,2026-09-25T16:00:00.000Z,23755,ladbrokes,away,2.75,2026-09-07T16:06:34.483Z,True
2026-09-08T15:50:20Z,id1002375568931470,Italy,Belgium,2026-09-25T18:45:00.000Z,23755,ladbrokes,home,2.1,2026-09-02T22:19:21.937Z,True
2026-09-08T15:50:20Z,id1002375568931470,Italy,Belgium,2026-09-25T18:45:00.000Z,23755,ladbrokes,draw,3.5,2026-09-04T14:54:49.434Z,True
2026-09-08T15:50:20Z,id1002375568931470,Italy,Belgium,2026-09-25T18:45:00.000Z,23755,ladbrokes,away,3.25,2026-09-04T14:54:49.434Z,True
2026-09-08T15:50:20Z,id1002375568931472,Turkiye,France,2026-09-25T18:45:00.000Z,23755,ladbrokes,home,5.5,2026-09-02T22:19:22.231Z,True
2026-09-08T15:50:20Z,id1002375568931472,Turkiye,France,2026-09-25T18:45:00.000Z,23755,ladbrokes,draw,4.5,2026-09-02T22:19:22.231Z,True
2026-09-08T15:50:20Z,id1002375568931472,Turkiye,France,2026-09-25T18:45:00.000Z,23755,ladbrokes,away,1.5,2026-09-02T22:19:22.231Z,True
2026-09-08T15:50:20Z,id1002375568932612,Sweden,Romania,2026-09-25T18:45:00.000Z,23755,ladbrokes,home,1.5,2026-09-07T16:06:33.569Z,True
2026-09-08T15:50:20Z,id1002375568932612,Sweden,Romania,2026-09-25T18:45:00.000Z,23755,ladbrokes,draw,4.5,2026-09-07T16:06:33.569Z,True
2026-09-08T15:50:20Z,id1002375568932612,Sweden,Romania,2026-09-25T18:45:00.000Z,23755,ladbrokes,away,5.75,2026-09-07T16:06:33.569Z,True
2026-09-08T15:50:20Z,id1002375568932780,Slovenia,Scotland,2026-09-26T13:00:00.000Z,23755,ladbrokes,home,2.62,2026-09-07T16:06:34.796Z,True
2026-09-08T15:50:20Z,id1002375568932780,Slovenia,Scotland,2026-09-26T13:00:00.000Z,23755,ladbrokes,draw,3.2,2026-09-07T16:06:34.796Z,True
2026-09-08T15:50:20Z,id1002375568932780,Slovenia,Scotland,2026-09-26T13:00:00.000Z,23755,ladbrokes,away,2.62,2026-09-07T16:06:34.796Z,True
2026-09-08T15:50:20Z,id1002375568931644,Czechia,Croatia,2026-09-26T18:45:00.000Z,23755,ladbrokes,home,3.1,2026-09-06T10:47:17.232Z,True
2026-09-08T15:50:20Z,id1002375568931644,Czechia,Croatia,2026-09-26T18:45:00.000Z,23755,ladbrokes,draw,3.5,2026-09-06T10:47:17.232Z,True
2026-09-08T15:50:20Z,id1002375568931644,Czechia,Croatia,2026-09-26T18:45:00.000Z,23755,ladbrokes,away,2.15,2026-09-06T10:47:17.232Z,True
2026-09-08T15:50:20Z,id1002375568931646,England,Spain,2026-09-26T18:45:00.000Z,23755,ladbrokes,home,2.6,2026-09-02T22:19:23.463Z,True
2026-09-08T15:50:20Z,id1002375568931646,England,Spain,2026-09-26T18:45:00.000Z,23755,ladbrokes,draw,3.4,2026-09-02T22:19:23.463Z,True
2026-09-08T15:50:20Z,id1002375568931646,England,Spain,2026-09-26T18:45:00.000Z,23755,ladbrokes,away,2.6,2026-09-02T22:19:23.463Z,True
2026-09-08T15:50:20Z,id1002375568932782,North Macedonia,Switzerland,2026-09-26T18:45:00.000Z,23755,ladbrokes,home,6.0,2026-09-07T16:06:35.080Z,True
2026-09-08T15:50:20Z,id1002375568932782,North Macedonia,Switzerland,2026-09-26T18:45:00.000Z,23755,ladbrokes,draw,4.33,2026-09-07T16:06:35.080Z,True
2026-09-08T15:50:20Z,id1002375568932782,North Macedonia,Switzerland,2026-09-26T18:45:00.000Z,23755,ladbrokes,away,1.5,2026-09-07T16:06:35.080Z,True
